--
-- PostgreSQL database dump
--

\restrict dSQQ8ebsUxZ4DWxaKFgxfDA5uFKERoLgBM6MQEo6WKSWmeWcqeneXcdfLObKQyg

-- Dumped from database version 16.11 (f45eb12)
-- Dumped by pg_dump version 16.10

SET statement_timeout = 0;
SET lock_timeout = 0;
SET idle_in_transaction_session_timeout = 0;
SET client_encoding = 'UTF8';
SET standard_conforming_strings = on;
SELECT pg_catalog.set_config('search_path', '', false);
SET check_function_bodies = false;
SET xmloption = content;
SET client_min_messages = warning;
SET row_security = off;

--
-- Name: _system; Type: SCHEMA; Schema: -; Owner: neondb_owner
--

CREATE SCHEMA _system;


ALTER SCHEMA _system OWNER TO neondb_owner;

--
-- Name: stripe; Type: SCHEMA; Schema: -; Owner: neondb_owner
--

CREATE SCHEMA stripe;


ALTER SCHEMA stripe OWNER TO neondb_owner;

--
-- Name: invoice_status; Type: TYPE; Schema: stripe; Owner: neondb_owner
--

CREATE TYPE stripe.invoice_status AS ENUM (
    'draft',
    'open',
    'paid',
    'uncollectible',
    'void',
    'deleted'
);


ALTER TYPE stripe.invoice_status OWNER TO neondb_owner;

--
-- Name: pricing_tiers; Type: TYPE; Schema: stripe; Owner: neondb_owner
--

CREATE TYPE stripe.pricing_tiers AS ENUM (
    'graduated',
    'volume'
);


ALTER TYPE stripe.pricing_tiers OWNER TO neondb_owner;

--
-- Name: pricing_type; Type: TYPE; Schema: stripe; Owner: neondb_owner
--

CREATE TYPE stripe.pricing_type AS ENUM (
    'one_time',
    'recurring'
);


ALTER TYPE stripe.pricing_type OWNER TO neondb_owner;

--
-- Name: subscription_schedule_status; Type: TYPE; Schema: stripe; Owner: neondb_owner
--

CREATE TYPE stripe.subscription_schedule_status AS ENUM (
    'not_started',
    'active',
    'completed',
    'released',
    'canceled'
);


ALTER TYPE stripe.subscription_schedule_status OWNER TO neondb_owner;

--
-- Name: subscription_status; Type: TYPE; Schema: stripe; Owner: neondb_owner
--

CREATE TYPE stripe.subscription_status AS ENUM (
    'trialing',
    'active',
    'canceled',
    'incomplete',
    'incomplete_expired',
    'past_due',
    'unpaid',
    'paused'
);


ALTER TYPE stripe.subscription_status OWNER TO neondb_owner;

--
-- Name: set_updated_at(); Type: FUNCTION; Schema: public; Owner: neondb_owner
--

CREATE FUNCTION public.set_updated_at() RETURNS trigger
    LANGUAGE plpgsql
    AS $$
begin
  new._updated_at = now();
  return NEW;
end;
$$;


ALTER FUNCTION public.set_updated_at() OWNER TO neondb_owner;

--
-- Name: set_updated_at_metadata(); Type: FUNCTION; Schema: public; Owner: neondb_owner
--

CREATE FUNCTION public.set_updated_at_metadata() RETURNS trigger
    LANGUAGE plpgsql
    AS $$
begin
  new.updated_at = now();
  return NEW;
end;
$$;


ALTER FUNCTION public.set_updated_at_metadata() OWNER TO neondb_owner;

SET default_tablespace = '';

SET default_table_access_method = heap;

--
-- Name: replit_database_migrations_v1; Type: TABLE; Schema: _system; Owner: neondb_owner
--

CREATE TABLE _system.replit_database_migrations_v1 (
    id bigint NOT NULL,
    build_id text NOT NULL,
    deployment_id text NOT NULL,
    statement_count bigint NOT NULL,
    applied_at timestamp with time zone DEFAULT CURRENT_TIMESTAMP
);


ALTER TABLE _system.replit_database_migrations_v1 OWNER TO neondb_owner;

--
-- Name: replit_database_migrations_v1_id_seq; Type: SEQUENCE; Schema: _system; Owner: neondb_owner
--

CREATE SEQUENCE _system.replit_database_migrations_v1_id_seq
    START WITH 1
    INCREMENT BY 1
    NO MINVALUE
    NO MAXVALUE
    CACHE 1;


ALTER SEQUENCE _system.replit_database_migrations_v1_id_seq OWNER TO neondb_owner;

--
-- Name: replit_database_migrations_v1_id_seq; Type: SEQUENCE OWNED BY; Schema: _system; Owner: neondb_owner
--

ALTER SEQUENCE _system.replit_database_migrations_v1_id_seq OWNED BY _system.replit_database_migrations_v1.id;


--
-- Name: in_app_notifications; Type: TABLE; Schema: public; Owner: neondb_owner
--

CREATE TABLE public.in_app_notifications (
    id integer NOT NULL,
    user_id character varying NOT NULL,
    title text NOT NULL,
    message text NOT NULL,
    type text DEFAULT 'system'::text NOT NULL,
    data jsonb,
    is_read boolean DEFAULT false NOT NULL,
    created_at timestamp without time zone DEFAULT now() NOT NULL
);


ALTER TABLE public.in_app_notifications OWNER TO neondb_owner;

--
-- Name: in_app_notifications_id_seq; Type: SEQUENCE; Schema: public; Owner: neondb_owner
--

CREATE SEQUENCE public.in_app_notifications_id_seq
    AS integer
    START WITH 1
    INCREMENT BY 1
    NO MINVALUE
    NO MAXVALUE
    CACHE 1;


ALTER SEQUENCE public.in_app_notifications_id_seq OWNER TO neondb_owner;

--
-- Name: in_app_notifications_id_seq; Type: SEQUENCE OWNED BY; Schema: public; Owner: neondb_owner
--

ALTER SEQUENCE public.in_app_notifications_id_seq OWNED BY public.in_app_notifications.id;


--
-- Name: notification_preferences; Type: TABLE; Schema: public; Owner: neondb_owner
--

CREATE TABLE public.notification_preferences (
    id integer NOT NULL,
    user_id character varying NOT NULL,
    order_updates boolean DEFAULT true NOT NULL,
    promotions boolean DEFAULT true NOT NULL,
    new_vendors boolean DEFAULT true NOT NULL,
    rewards boolean DEFAULT true NOT NULL,
    email_notifications boolean DEFAULT false NOT NULL
);


ALTER TABLE public.notification_preferences OWNER TO neondb_owner;

--
-- Name: notification_preferences_id_seq; Type: SEQUENCE; Schema: public; Owner: neondb_owner
--

CREATE SEQUENCE public.notification_preferences_id_seq
    AS integer
    START WITH 1
    INCREMENT BY 1
    NO MINVALUE
    NO MAXVALUE
    CACHE 1;


ALTER SEQUENCE public.notification_preferences_id_seq OWNER TO neondb_owner;

--
-- Name: notification_preferences_id_seq; Type: SEQUENCE OWNED BY; Schema: public; Owner: neondb_owner
--

ALTER SEQUENCE public.notification_preferences_id_seq OWNED BY public.notification_preferences.id;


--
-- Name: order_items; Type: TABLE; Schema: public; Owner: neondb_owner
--

CREATE TABLE public.order_items (
    id integer NOT NULL,
    order_id integer NOT NULL,
    product_id integer NOT NULL,
    quantity integer NOT NULL,
    price_at_time numeric(10,2) NOT NULL
);


ALTER TABLE public.order_items OWNER TO neondb_owner;

--
-- Name: order_items_id_seq; Type: SEQUENCE; Schema: public; Owner: neondb_owner
--

CREATE SEQUENCE public.order_items_id_seq
    AS integer
    START WITH 1
    INCREMENT BY 1
    NO MINVALUE
    NO MAXVALUE
    CACHE 1;


ALTER SEQUENCE public.order_items_id_seq OWNER TO neondb_owner;

--
-- Name: order_items_id_seq; Type: SEQUENCE OWNED BY; Schema: public; Owner: neondb_owner
--

ALTER SEQUENCE public.order_items_id_seq OWNED BY public.order_items.id;


--
-- Name: orders; Type: TABLE; Schema: public; Owner: neondb_owner
--

CREATE TABLE public.orders (
    id integer NOT NULL,
    customer_id character varying NOT NULL,
    vendor_id integer NOT NULL,
    status text DEFAULT 'pending'::text NOT NULL,
    total_amount numeric(10,2) NOT NULL,
    payment_method text NOT NULL,
    created_at timestamp without time zone DEFAULT now() NOT NULL,
    fulfillment_method text DEFAULT 'pickup'::text NOT NULL,
    delivery_address text
);


ALTER TABLE public.orders OWNER TO neondb_owner;

--
-- Name: orders_id_seq; Type: SEQUENCE; Schema: public; Owner: neondb_owner
--

CREATE SEQUENCE public.orders_id_seq
    AS integer
    START WITH 1
    INCREMENT BY 1
    NO MINVALUE
    NO MAXVALUE
    CACHE 1;


ALTER SEQUENCE public.orders_id_seq OWNER TO neondb_owner;

--
-- Name: orders_id_seq; Type: SEQUENCE OWNED BY; Schema: public; Owner: neondb_owner
--

ALTER SEQUENCE public.orders_id_seq OWNED BY public.orders.id;


--
-- Name: platform_metrics; Type: TABLE; Schema: public; Owner: neondb_owner
--

CREATE TABLE public.platform_metrics (
    id integer NOT NULL,
    date timestamp without time zone NOT NULL,
    total_orders integer DEFAULT 0 NOT NULL,
    total_revenue numeric(12,2) DEFAULT '0'::numeric NOT NULL,
    total_users integer DEFAULT 0 NOT NULL,
    total_vendors integer DEFAULT 0 NOT NULL,
    new_users integer DEFAULT 0 NOT NULL,
    active_users integer DEFAULT 0 NOT NULL
);


ALTER TABLE public.platform_metrics OWNER TO neondb_owner;

--
-- Name: platform_metrics_id_seq; Type: SEQUENCE; Schema: public; Owner: neondb_owner
--

CREATE SEQUENCE public.platform_metrics_id_seq
    AS integer
    START WITH 1
    INCREMENT BY 1
    NO MINVALUE
    NO MAXVALUE
    CACHE 1;


ALTER SEQUENCE public.platform_metrics_id_seq OWNER TO neondb_owner;

--
-- Name: platform_metrics_id_seq; Type: SEQUENCE OWNED BY; Schema: public; Owner: neondb_owner
--

ALTER SEQUENCE public.platform_metrics_id_seq OWNED BY public.platform_metrics.id;


--
-- Name: product_categories; Type: TABLE; Schema: public; Owner: neondb_owner
--

CREATE TABLE public.product_categories (
    id integer NOT NULL,
    vendor_id integer NOT NULL,
    name text NOT NULL,
    sort_order integer DEFAULT 0 NOT NULL
);


ALTER TABLE public.product_categories OWNER TO neondb_owner;

--
-- Name: product_categories_id_seq; Type: SEQUENCE; Schema: public; Owner: neondb_owner
--

CREATE SEQUENCE public.product_categories_id_seq
    AS integer
    START WITH 1
    INCREMENT BY 1
    NO MINVALUE
    NO MAXVALUE
    CACHE 1;


ALTER SEQUENCE public.product_categories_id_seq OWNER TO neondb_owner;

--
-- Name: product_categories_id_seq; Type: SEQUENCE OWNED BY; Schema: public; Owner: neondb_owner
--

ALTER SEQUENCE public.product_categories_id_seq OWNED BY public.product_categories.id;


--
-- Name: products; Type: TABLE; Schema: public; Owner: neondb_owner
--

CREATE TABLE public.products (
    id integer NOT NULL,
    vendor_id integer NOT NULL,
    name text NOT NULL,
    description text,
    price numeric(10,2) NOT NULL,
    image_url text,
    prep_time_minutes integer DEFAULT 10 NOT NULL,
    is_available boolean DEFAULT true NOT NULL,
    category text
);


ALTER TABLE public.products OWNER TO neondb_owner;

--
-- Name: products_id_seq; Type: SEQUENCE; Schema: public; Owner: neondb_owner
--

CREATE SEQUENCE public.products_id_seq
    AS integer
    START WITH 1
    INCREMENT BY 1
    NO MINVALUE
    NO MAXVALUE
    CACHE 1;


ALTER SEQUENCE public.products_id_seq OWNER TO neondb_owner;

--
-- Name: products_id_seq; Type: SEQUENCE OWNED BY; Schema: public; Owner: neondb_owner
--

ALTER SEQUENCE public.products_id_seq OWNED BY public.products.id;


--
-- Name: profiles; Type: TABLE; Schema: public; Owner: neondb_owner
--

CREATE TABLE public.profiles (
    id integer NOT NULL,
    user_id character varying NOT NULL,
    role text DEFAULT 'customer'::text NOT NULL,
    phone text,
    wallet_balance numeric(10,2) DEFAULT '0'::numeric NOT NULL,
    loyalty_points integer DEFAULT 0 NOT NULL,
    address text,
    bio text,
    profile_image_url text,
    display_name text,
    date_of_birth text,
    is_verified boolean DEFAULT false NOT NULL,
    total_orders integer DEFAULT 0 NOT NULL
);


ALTER TABLE public.profiles OWNER TO neondb_owner;

--
-- Name: profiles_id_seq; Type: SEQUENCE; Schema: public; Owner: neondb_owner
--

CREATE SEQUENCE public.profiles_id_seq
    AS integer
    START WITH 1
    INCREMENT BY 1
    NO MINVALUE
    NO MAXVALUE
    CACHE 1;


ALTER SEQUENCE public.profiles_id_seq OWNER TO neondb_owner;

--
-- Name: profiles_id_seq; Type: SEQUENCE OWNED BY; Schema: public; Owner: neondb_owner
--

ALTER SEQUENCE public.profiles_id_seq OWNED BY public.profiles.id;


--
-- Name: promotions; Type: TABLE; Schema: public; Owner: neondb_owner
--

CREATE TABLE public.promotions (
    id integer NOT NULL,
    name text NOT NULL,
    description text,
    discount_type text NOT NULL,
    discount_value numeric(10,2) NOT NULL,
    min_order_amount numeric(10,2),
    code text,
    vendor_id integer,
    is_active boolean DEFAULT true NOT NULL,
    starts_at timestamp without time zone NOT NULL,
    ends_at timestamp without time zone NOT NULL,
    usage_limit integer,
    usage_count integer DEFAULT 0 NOT NULL
);


ALTER TABLE public.promotions OWNER TO neondb_owner;

--
-- Name: promotions_id_seq; Type: SEQUENCE; Schema: public; Owner: neondb_owner
--

CREATE SEQUENCE public.promotions_id_seq
    AS integer
    START WITH 1
    INCREMENT BY 1
    NO MINVALUE
    NO MAXVALUE
    CACHE 1;


ALTER SEQUENCE public.promotions_id_seq OWNER TO neondb_owner;

--
-- Name: promotions_id_seq; Type: SEQUENCE OWNED BY; Schema: public; Owner: neondb_owner
--

ALTER SEQUENCE public.promotions_id_seq OWNED BY public.promotions.id;


--
-- Name: push_subscriptions; Type: TABLE; Schema: public; Owner: neondb_owner
--

CREATE TABLE public.push_subscriptions (
    id integer NOT NULL,
    user_id character varying NOT NULL,
    endpoint text NOT NULL,
    p256dh text NOT NULL,
    auth text NOT NULL,
    created_at timestamp without time zone DEFAULT now() NOT NULL
);


ALTER TABLE public.push_subscriptions OWNER TO neondb_owner;

--
-- Name: push_subscriptions_id_seq; Type: SEQUENCE; Schema: public; Owner: neondb_owner
--

CREATE SEQUENCE public.push_subscriptions_id_seq
    AS integer
    START WITH 1
    INCREMENT BY 1
    NO MINVALUE
    NO MAXVALUE
    CACHE 1;


ALTER SEQUENCE public.push_subscriptions_id_seq OWNER TO neondb_owner;

--
-- Name: push_subscriptions_id_seq; Type: SEQUENCE OWNED BY; Schema: public; Owner: neondb_owner
--

ALTER SEQUENCE public.push_subscriptions_id_seq OWNED BY public.push_subscriptions.id;


--
-- Name: redemptions; Type: TABLE; Schema: public; Owner: neondb_owner
--

CREATE TABLE public.redemptions (
    id integer NOT NULL,
    user_id character varying NOT NULL,
    reward_id integer NOT NULL,
    status text DEFAULT 'pending'::text NOT NULL,
    redeemed_at timestamp without time zone DEFAULT now() NOT NULL
);


ALTER TABLE public.redemptions OWNER TO neondb_owner;

--
-- Name: redemptions_id_seq; Type: SEQUENCE; Schema: public; Owner: neondb_owner
--

CREATE SEQUENCE public.redemptions_id_seq
    AS integer
    START WITH 1
    INCREMENT BY 1
    NO MINVALUE
    NO MAXVALUE
    CACHE 1;


ALTER SEQUENCE public.redemptions_id_seq OWNER TO neondb_owner;

--
-- Name: redemptions_id_seq; Type: SEQUENCE OWNED BY; Schema: public; Owner: neondb_owner
--

ALTER SEQUENCE public.redemptions_id_seq OWNED BY public.redemptions.id;


--
-- Name: rewards; Type: TABLE; Schema: public; Owner: neondb_owner
--

CREATE TABLE public.rewards (
    id integer NOT NULL,
    name text NOT NULL,
    description text NOT NULL,
    points_required integer NOT NULL,
    category text NOT NULL,
    image_url text,
    is_active boolean DEFAULT true NOT NULL
);


ALTER TABLE public.rewards OWNER TO neondb_owner;

--
-- Name: rewards_id_seq; Type: SEQUENCE; Schema: public; Owner: neondb_owner
--

CREATE SEQUENCE public.rewards_id_seq
    AS integer
    START WITH 1
    INCREMENT BY 1
    NO MINVALUE
    NO MAXVALUE
    CACHE 1;


ALTER SEQUENCE public.rewards_id_seq OWNER TO neondb_owner;

--
-- Name: rewards_id_seq; Type: SEQUENCE OWNED BY; Schema: public; Owner: neondb_owner
--

ALTER SEQUENCE public.rewards_id_seq OWNED BY public.rewards.id;


--
-- Name: saved_addresses; Type: TABLE; Schema: public; Owner: neondb_owner
--

CREATE TABLE public.saved_addresses (
    id integer NOT NULL,
    user_id character varying NOT NULL,
    label text NOT NULL,
    address text NOT NULL,
    building text,
    room text,
    instructions text,
    is_default boolean DEFAULT false NOT NULL
);


ALTER TABLE public.saved_addresses OWNER TO neondb_owner;

--
-- Name: saved_addresses_id_seq; Type: SEQUENCE; Schema: public; Owner: neondb_owner
--

CREATE SEQUENCE public.saved_addresses_id_seq
    AS integer
    START WITH 1
    INCREMENT BY 1
    NO MINVALUE
    NO MAXVALUE
    CACHE 1;


ALTER SEQUENCE public.saved_addresses_id_seq OWNER TO neondb_owner;

--
-- Name: saved_addresses_id_seq; Type: SEQUENCE OWNED BY; Schema: public; Owner: neondb_owner
--

ALTER SEQUENCE public.saved_addresses_id_seq OWNED BY public.saved_addresses.id;


--
-- Name: service_requests; Type: TABLE; Schema: public; Owner: neondb_owner
--

CREATE TABLE public.service_requests (
    id integer NOT NULL,
    customer_id character varying NOT NULL,
    vendor_id integer NOT NULL,
    service_name text NOT NULL,
    description text,
    attachments text[],
    status text DEFAULT 'pending'::text NOT NULL,
    quoted_price numeric(10,2),
    notes text,
    created_at timestamp without time zone DEFAULT now() NOT NULL,
    updated_at timestamp without time zone DEFAULT now() NOT NULL
);


ALTER TABLE public.service_requests OWNER TO neondb_owner;

--
-- Name: service_requests_id_seq; Type: SEQUENCE; Schema: public; Owner: neondb_owner
--

CREATE SEQUENCE public.service_requests_id_seq
    AS integer
    START WITH 1
    INCREMENT BY 1
    NO MINVALUE
    NO MAXVALUE
    CACHE 1;


ALTER SEQUENCE public.service_requests_id_seq OWNER TO neondb_owner;

--
-- Name: service_requests_id_seq; Type: SEQUENCE OWNED BY; Schema: public; Owner: neondb_owner
--

ALTER SEQUENCE public.service_requests_id_seq OWNED BY public.service_requests.id;


--
-- Name: sessions; Type: TABLE; Schema: public; Owner: neondb_owner
--

CREATE TABLE public.sessions (
    sid character varying NOT NULL,
    sess jsonb NOT NULL,
    expire timestamp without time zone NOT NULL
);


ALTER TABLE public.sessions OWNER TO neondb_owner;

--
-- Name: users; Type: TABLE; Schema: public; Owner: neondb_owner
--

CREATE TABLE public.users (
    id character varying DEFAULT gen_random_uuid() NOT NULL,
    email character varying,
    first_name character varying,
    last_name character varying,
    profile_image_url character varying,
    created_at timestamp without time zone DEFAULT now(),
    updated_at timestamp without time zone DEFAULT now()
);


ALTER TABLE public.users OWNER TO neondb_owner;

--
-- Name: vendor_applications; Type: TABLE; Schema: public; Owner: neondb_owner
--

CREATE TABLE public.vendor_applications (
    id integer NOT NULL,
    user_id character varying NOT NULL,
    business_name text NOT NULL,
    business_type text NOT NULL,
    description text,
    location text NOT NULL,
    phone text NOT NULL,
    email text NOT NULL,
    logo_url text,
    status text DEFAULT 'pending'::text NOT NULL,
    rejection_reason text,
    submitted_at timestamp without time zone DEFAULT now() NOT NULL,
    reviewed_at timestamp without time zone,
    reviewed_by character varying,
    vendor_type text DEFAULT 'product'::text NOT NULL,
    custom_business_type text,
    tags text[]
);


ALTER TABLE public.vendor_applications OWNER TO neondb_owner;

--
-- Name: vendor_applications_id_seq; Type: SEQUENCE; Schema: public; Owner: neondb_owner
--

CREATE SEQUENCE public.vendor_applications_id_seq
    AS integer
    START WITH 1
    INCREMENT BY 1
    NO MINVALUE
    NO MAXVALUE
    CACHE 1;


ALTER SEQUENCE public.vendor_applications_id_seq OWNER TO neondb_owner;

--
-- Name: vendor_applications_id_seq; Type: SEQUENCE OWNED BY; Schema: public; Owner: neondb_owner
--

ALTER SEQUENCE public.vendor_applications_id_seq OWNED BY public.vendor_applications.id;


--
-- Name: vendor_categories; Type: TABLE; Schema: public; Owner: neondb_owner
--

CREATE TABLE public.vendor_categories (
    id integer NOT NULL,
    name text NOT NULL,
    icon text NOT NULL,
    color text NOT NULL,
    sort_order integer DEFAULT 0 NOT NULL
);


ALTER TABLE public.vendor_categories OWNER TO neondb_owner;

--
-- Name: vendor_categories_id_seq; Type: SEQUENCE; Schema: public; Owner: neondb_owner
--

CREATE SEQUENCE public.vendor_categories_id_seq
    AS integer
    START WITH 1
    INCREMENT BY 1
    NO MINVALUE
    NO MAXVALUE
    CACHE 1;


ALTER SEQUENCE public.vendor_categories_id_seq OWNER TO neondb_owner;

--
-- Name: vendor_categories_id_seq; Type: SEQUENCE OWNED BY; Schema: public; Owner: neondb_owner
--

ALTER SEQUENCE public.vendor_categories_id_seq OWNED BY public.vendor_categories.id;


--
-- Name: vendor_hours; Type: TABLE; Schema: public; Owner: neondb_owner
--

CREATE TABLE public.vendor_hours (
    id integer NOT NULL,
    vendor_id integer NOT NULL,
    day_of_week integer NOT NULL,
    open_time text NOT NULL,
    close_time text NOT NULL,
    is_closed boolean DEFAULT false NOT NULL
);


ALTER TABLE public.vendor_hours OWNER TO neondb_owner;

--
-- Name: vendor_hours_id_seq; Type: SEQUENCE; Schema: public; Owner: neondb_owner
--

CREATE SEQUENCE public.vendor_hours_id_seq
    AS integer
    START WITH 1
    INCREMENT BY 1
    NO MINVALUE
    NO MAXVALUE
    CACHE 1;


ALTER SEQUENCE public.vendor_hours_id_seq OWNER TO neondb_owner;

--
-- Name: vendor_hours_id_seq; Type: SEQUENCE OWNED BY; Schema: public; Owner: neondb_owner
--

ALTER SEQUENCE public.vendor_hours_id_seq OWNED BY public.vendor_hours.id;


--
-- Name: vendors; Type: TABLE; Schema: public; Owner: neondb_owner
--

CREATE TABLE public.vendors (
    id integer NOT NULL,
    owner_id character varying NOT NULL,
    name text NOT NULL,
    description text,
    location text NOT NULL,
    image_url text,
    is_open boolean DEFAULT false NOT NULL,
    commission_rate numeric(5,2) DEFAULT 5.00 NOT NULL,
    category_id integer,
    cover_image_url text,
    rating numeric(2,1) DEFAULT 4.5,
    delivery_time text DEFAULT '15-25 min'::text,
    is_featured boolean DEFAULT false NOT NULL,
    vendor_type text DEFAULT 'product'::text NOT NULL,
    custom_business_type text,
    tags text[],
    portfolio_images text[],
    offers_pickup boolean DEFAULT true NOT NULL,
    offers_delivery boolean DEFAULT false NOT NULL
);


ALTER TABLE public.vendors OWNER TO neondb_owner;

--
-- Name: vendors_id_seq; Type: SEQUENCE; Schema: public; Owner: neondb_owner
--

CREATE SEQUENCE public.vendors_id_seq
    AS integer
    START WITH 1
    INCREMENT BY 1
    NO MINVALUE
    NO MAXVALUE
    CACHE 1;


ALTER SEQUENCE public.vendors_id_seq OWNER TO neondb_owner;

--
-- Name: vendors_id_seq; Type: SEQUENCE OWNED BY; Schema: public; Owner: neondb_owner
--

ALTER SEQUENCE public.vendors_id_seq OWNED BY public.vendors.id;


--
-- Name: _managed_webhooks; Type: TABLE; Schema: stripe; Owner: neondb_owner
--

CREATE TABLE stripe._managed_webhooks (
    id text NOT NULL,
    object text,
    url text NOT NULL,
    enabled_events jsonb NOT NULL,
    description text,
    enabled boolean,
    livemode boolean,
    metadata jsonb,
    secret text NOT NULL,
    status text,
    api_version text,
    created integer,
    updated_at timestamp with time zone DEFAULT timezone('utc'::text, now()) NOT NULL,
    last_synced_at timestamp with time zone,
    account_id text NOT NULL
);


ALTER TABLE stripe._managed_webhooks OWNER TO neondb_owner;

--
-- Name: _migrations; Type: TABLE; Schema: stripe; Owner: neondb_owner
--

CREATE TABLE stripe._migrations (
    id integer NOT NULL,
    name character varying(100) NOT NULL,
    hash character varying(40) NOT NULL,
    executed_at timestamp without time zone DEFAULT CURRENT_TIMESTAMP
);


ALTER TABLE stripe._migrations OWNER TO neondb_owner;

--
-- Name: _sync_status; Type: TABLE; Schema: stripe; Owner: neondb_owner
--

CREATE TABLE stripe._sync_status (
    id integer NOT NULL,
    resource text NOT NULL,
    status text DEFAULT 'idle'::text,
    last_synced_at timestamp with time zone DEFAULT now(),
    last_incremental_cursor timestamp with time zone,
    error_message text,
    updated_at timestamp with time zone DEFAULT now(),
    account_id text NOT NULL,
    CONSTRAINT _sync_status_status_check CHECK ((status = ANY (ARRAY['idle'::text, 'running'::text, 'complete'::text, 'error'::text])))
);


ALTER TABLE stripe._sync_status OWNER TO neondb_owner;

--
-- Name: _sync_status_id_seq; Type: SEQUENCE; Schema: stripe; Owner: neondb_owner
--

CREATE SEQUENCE stripe._sync_status_id_seq
    AS integer
    START WITH 1
    INCREMENT BY 1
    NO MINVALUE
    NO MAXVALUE
    CACHE 1;


ALTER SEQUENCE stripe._sync_status_id_seq OWNER TO neondb_owner;

--
-- Name: _sync_status_id_seq; Type: SEQUENCE OWNED BY; Schema: stripe; Owner: neondb_owner
--

ALTER SEQUENCE stripe._sync_status_id_seq OWNED BY stripe._sync_status.id;


--
-- Name: accounts; Type: TABLE; Schema: stripe; Owner: neondb_owner
--

CREATE TABLE stripe.accounts (
    _raw_data jsonb NOT NULL,
    first_synced_at timestamp with time zone DEFAULT now() NOT NULL,
    _last_synced_at timestamp with time zone DEFAULT now() NOT NULL,
    _updated_at timestamp with time zone DEFAULT now() NOT NULL,
    business_name text GENERATED ALWAYS AS (((_raw_data -> 'business_profile'::text) ->> 'name'::text)) STORED,
    email text GENERATED ALWAYS AS ((_raw_data ->> 'email'::text)) STORED,
    type text GENERATED ALWAYS AS ((_raw_data ->> 'type'::text)) STORED,
    charges_enabled boolean GENERATED ALWAYS AS (((_raw_data ->> 'charges_enabled'::text))::boolean) STORED,
    payouts_enabled boolean GENERATED ALWAYS AS (((_raw_data ->> 'payouts_enabled'::text))::boolean) STORED,
    details_submitted boolean GENERATED ALWAYS AS (((_raw_data ->> 'details_submitted'::text))::boolean) STORED,
    country text GENERATED ALWAYS AS ((_raw_data ->> 'country'::text)) STORED,
    default_currency text GENERATED ALWAYS AS ((_raw_data ->> 'default_currency'::text)) STORED,
    created integer GENERATED ALWAYS AS (((_raw_data ->> 'created'::text))::integer) STORED,
    api_key_hashes text[] DEFAULT '{}'::text[],
    id text GENERATED ALWAYS AS ((_raw_data ->> 'id'::text)) STORED NOT NULL
);


ALTER TABLE stripe.accounts OWNER TO neondb_owner;

--
-- Name: active_entitlements; Type: TABLE; Schema: stripe; Owner: neondb_owner
--

CREATE TABLE stripe.active_entitlements (
    _updated_at timestamp with time zone DEFAULT timezone('utc'::text, now()) NOT NULL,
    _last_synced_at timestamp with time zone,
    _raw_data jsonb,
    _account_id text NOT NULL,
    object text GENERATED ALWAYS AS ((_raw_data ->> 'object'::text)) STORED,
    livemode boolean GENERATED ALWAYS AS (((_raw_data ->> 'livemode'::text))::boolean) STORED,
    feature text GENERATED ALWAYS AS ((_raw_data ->> 'feature'::text)) STORED,
    customer text GENERATED ALWAYS AS ((_raw_data ->> 'customer'::text)) STORED,
    lookup_key text GENERATED ALWAYS AS ((_raw_data ->> 'lookup_key'::text)) STORED,
    id text GENERATED ALWAYS AS ((_raw_data ->> 'id'::text)) STORED NOT NULL
);


ALTER TABLE stripe.active_entitlements OWNER TO neondb_owner;

--
-- Name: charges; Type: TABLE; Schema: stripe; Owner: neondb_owner
--

CREATE TABLE stripe.charges (
    _updated_at timestamp with time zone DEFAULT timezone('utc'::text, now()) NOT NULL,
    _last_synced_at timestamp with time zone,
    _raw_data jsonb,
    _account_id text NOT NULL,
    object text GENERATED ALWAYS AS ((_raw_data ->> 'object'::text)) STORED,
    paid boolean GENERATED ALWAYS AS (((_raw_data ->> 'paid'::text))::boolean) STORED,
    "order" text GENERATED ALWAYS AS ((_raw_data ->> 'order'::text)) STORED,
    amount bigint GENERATED ALWAYS AS (((_raw_data ->> 'amount'::text))::bigint) STORED,
    review text GENERATED ALWAYS AS ((_raw_data ->> 'review'::text)) STORED,
    source jsonb GENERATED ALWAYS AS ((_raw_data -> 'source'::text)) STORED,
    status text GENERATED ALWAYS AS ((_raw_data ->> 'status'::text)) STORED,
    created integer GENERATED ALWAYS AS (((_raw_data ->> 'created'::text))::integer) STORED,
    dispute text GENERATED ALWAYS AS ((_raw_data ->> 'dispute'::text)) STORED,
    invoice text GENERATED ALWAYS AS ((_raw_data ->> 'invoice'::text)) STORED,
    outcome jsonb GENERATED ALWAYS AS ((_raw_data -> 'outcome'::text)) STORED,
    refunds jsonb GENERATED ALWAYS AS ((_raw_data -> 'refunds'::text)) STORED,
    updated integer GENERATED ALWAYS AS (((_raw_data ->> 'updated'::text))::integer) STORED,
    captured boolean GENERATED ALWAYS AS (((_raw_data ->> 'captured'::text))::boolean) STORED,
    currency text GENERATED ALWAYS AS ((_raw_data ->> 'currency'::text)) STORED,
    customer text GENERATED ALWAYS AS ((_raw_data ->> 'customer'::text)) STORED,
    livemode boolean GENERATED ALWAYS AS (((_raw_data ->> 'livemode'::text))::boolean) STORED,
    metadata jsonb GENERATED ALWAYS AS ((_raw_data -> 'metadata'::text)) STORED,
    refunded boolean GENERATED ALWAYS AS (((_raw_data ->> 'refunded'::text))::boolean) STORED,
    shipping jsonb GENERATED ALWAYS AS ((_raw_data -> 'shipping'::text)) STORED,
    application text GENERATED ALWAYS AS ((_raw_data ->> 'application'::text)) STORED,
    description text GENERATED ALWAYS AS ((_raw_data ->> 'description'::text)) STORED,
    destination text GENERATED ALWAYS AS ((_raw_data ->> 'destination'::text)) STORED,
    failure_code text GENERATED ALWAYS AS ((_raw_data ->> 'failure_code'::text)) STORED,
    on_behalf_of text GENERATED ALWAYS AS ((_raw_data ->> 'on_behalf_of'::text)) STORED,
    fraud_details jsonb GENERATED ALWAYS AS ((_raw_data -> 'fraud_details'::text)) STORED,
    receipt_email text GENERATED ALWAYS AS ((_raw_data ->> 'receipt_email'::text)) STORED,
    payment_intent text GENERATED ALWAYS AS ((_raw_data ->> 'payment_intent'::text)) STORED,
    receipt_number text GENERATED ALWAYS AS ((_raw_data ->> 'receipt_number'::text)) STORED,
    transfer_group text GENERATED ALWAYS AS ((_raw_data ->> 'transfer_group'::text)) STORED,
    amount_refunded bigint GENERATED ALWAYS AS (((_raw_data ->> 'amount_refunded'::text))::bigint) STORED,
    application_fee text GENERATED ALWAYS AS ((_raw_data ->> 'application_fee'::text)) STORED,
    failure_message text GENERATED ALWAYS AS ((_raw_data ->> 'failure_message'::text)) STORED,
    source_transfer text GENERATED ALWAYS AS ((_raw_data ->> 'source_transfer'::text)) STORED,
    balance_transaction text GENERATED ALWAYS AS ((_raw_data ->> 'balance_transaction'::text)) STORED,
    statement_descriptor text GENERATED ALWAYS AS ((_raw_data ->> 'statement_descriptor'::text)) STORED,
    payment_method_details jsonb GENERATED ALWAYS AS ((_raw_data -> 'payment_method_details'::text)) STORED,
    id text GENERATED ALWAYS AS ((_raw_data ->> 'id'::text)) STORED NOT NULL
);


ALTER TABLE stripe.charges OWNER TO neondb_owner;

--
-- Name: checkout_session_line_items; Type: TABLE; Schema: stripe; Owner: neondb_owner
--

CREATE TABLE stripe.checkout_session_line_items (
    _updated_at timestamp with time zone DEFAULT timezone('utc'::text, now()) NOT NULL,
    _last_synced_at timestamp with time zone,
    _raw_data jsonb,
    _account_id text NOT NULL,
    object text GENERATED ALWAYS AS ((_raw_data ->> 'object'::text)) STORED,
    amount_discount integer GENERATED ALWAYS AS (((_raw_data ->> 'amount_discount'::text))::integer) STORED,
    amount_subtotal integer GENERATED ALWAYS AS (((_raw_data ->> 'amount_subtotal'::text))::integer) STORED,
    amount_tax integer GENERATED ALWAYS AS (((_raw_data ->> 'amount_tax'::text))::integer) STORED,
    amount_total integer GENERATED ALWAYS AS (((_raw_data ->> 'amount_total'::text))::integer) STORED,
    currency text GENERATED ALWAYS AS ((_raw_data ->> 'currency'::text)) STORED,
    description text GENERATED ALWAYS AS ((_raw_data ->> 'description'::text)) STORED,
    price text GENERATED ALWAYS AS ((_raw_data ->> 'price'::text)) STORED,
    quantity integer GENERATED ALWAYS AS (((_raw_data ->> 'quantity'::text))::integer) STORED,
    checkout_session text GENERATED ALWAYS AS ((_raw_data ->> 'checkout_session'::text)) STORED,
    id text GENERATED ALWAYS AS ((_raw_data ->> 'id'::text)) STORED NOT NULL
);


ALTER TABLE stripe.checkout_session_line_items OWNER TO neondb_owner;

--
-- Name: checkout_sessions; Type: TABLE; Schema: stripe; Owner: neondb_owner
--

CREATE TABLE stripe.checkout_sessions (
    _updated_at timestamp with time zone DEFAULT timezone('utc'::text, now()) NOT NULL,
    _last_synced_at timestamp with time zone,
    _raw_data jsonb,
    _account_id text NOT NULL,
    object text GENERATED ALWAYS AS ((_raw_data ->> 'object'::text)) STORED,
    adaptive_pricing jsonb GENERATED ALWAYS AS ((_raw_data -> 'adaptive_pricing'::text)) STORED,
    after_expiration jsonb GENERATED ALWAYS AS ((_raw_data -> 'after_expiration'::text)) STORED,
    allow_promotion_codes boolean GENERATED ALWAYS AS (((_raw_data ->> 'allow_promotion_codes'::text))::boolean) STORED,
    amount_subtotal integer GENERATED ALWAYS AS (((_raw_data ->> 'amount_subtotal'::text))::integer) STORED,
    amount_total integer GENERATED ALWAYS AS (((_raw_data ->> 'amount_total'::text))::integer) STORED,
    automatic_tax jsonb GENERATED ALWAYS AS ((_raw_data -> 'automatic_tax'::text)) STORED,
    billing_address_collection text GENERATED ALWAYS AS ((_raw_data ->> 'billing_address_collection'::text)) STORED,
    cancel_url text GENERATED ALWAYS AS ((_raw_data ->> 'cancel_url'::text)) STORED,
    client_reference_id text GENERATED ALWAYS AS ((_raw_data ->> 'client_reference_id'::text)) STORED,
    client_secret text GENERATED ALWAYS AS ((_raw_data ->> 'client_secret'::text)) STORED,
    collected_information jsonb GENERATED ALWAYS AS ((_raw_data -> 'collected_information'::text)) STORED,
    consent jsonb GENERATED ALWAYS AS ((_raw_data -> 'consent'::text)) STORED,
    consent_collection jsonb GENERATED ALWAYS AS ((_raw_data -> 'consent_collection'::text)) STORED,
    created integer GENERATED ALWAYS AS (((_raw_data ->> 'created'::text))::integer) STORED,
    currency text GENERATED ALWAYS AS ((_raw_data ->> 'currency'::text)) STORED,
    currency_conversion jsonb GENERATED ALWAYS AS ((_raw_data -> 'currency_conversion'::text)) STORED,
    custom_fields jsonb GENERATED ALWAYS AS ((_raw_data -> 'custom_fields'::text)) STORED,
    custom_text jsonb GENERATED ALWAYS AS ((_raw_data -> 'custom_text'::text)) STORED,
    customer text GENERATED ALWAYS AS ((_raw_data ->> 'customer'::text)) STORED,
    customer_creation text GENERATED ALWAYS AS ((_raw_data ->> 'customer_creation'::text)) STORED,
    customer_details jsonb GENERATED ALWAYS AS ((_raw_data -> 'customer_details'::text)) STORED,
    customer_email text GENERATED ALWAYS AS ((_raw_data ->> 'customer_email'::text)) STORED,
    discounts jsonb GENERATED ALWAYS AS ((_raw_data -> 'discounts'::text)) STORED,
    expires_at integer GENERATED ALWAYS AS (((_raw_data ->> 'expires_at'::text))::integer) STORED,
    invoice text GENERATED ALWAYS AS ((_raw_data ->> 'invoice'::text)) STORED,
    invoice_creation jsonb GENERATED ALWAYS AS ((_raw_data -> 'invoice_creation'::text)) STORED,
    livemode boolean GENERATED ALWAYS AS (((_raw_data ->> 'livemode'::text))::boolean) STORED,
    locale text GENERATED ALWAYS AS ((_raw_data ->> 'locale'::text)) STORED,
    metadata jsonb GENERATED ALWAYS AS ((_raw_data -> 'metadata'::text)) STORED,
    mode text GENERATED ALWAYS AS ((_raw_data ->> 'mode'::text)) STORED,
    optional_items jsonb GENERATED ALWAYS AS ((_raw_data -> 'optional_items'::text)) STORED,
    payment_intent text GENERATED ALWAYS AS ((_raw_data ->> 'payment_intent'::text)) STORED,
    payment_link text GENERATED ALWAYS AS ((_raw_data ->> 'payment_link'::text)) STORED,
    payment_method_collection text GENERATED ALWAYS AS ((_raw_data ->> 'payment_method_collection'::text)) STORED,
    payment_method_configuration_details jsonb GENERATED ALWAYS AS ((_raw_data -> 'payment_method_configuration_details'::text)) STORED,
    payment_method_options jsonb GENERATED ALWAYS AS ((_raw_data -> 'payment_method_options'::text)) STORED,
    payment_method_types jsonb GENERATED ALWAYS AS ((_raw_data -> 'payment_method_types'::text)) STORED,
    payment_status text GENERATED ALWAYS AS ((_raw_data ->> 'payment_status'::text)) STORED,
    permissions jsonb GENERATED ALWAYS AS ((_raw_data -> 'permissions'::text)) STORED,
    phone_number_collection jsonb GENERATED ALWAYS AS ((_raw_data -> 'phone_number_collection'::text)) STORED,
    presentment_details jsonb GENERATED ALWAYS AS ((_raw_data -> 'presentment_details'::text)) STORED,
    recovered_from text GENERATED ALWAYS AS ((_raw_data ->> 'recovered_from'::text)) STORED,
    redirect_on_completion text GENERATED ALWAYS AS ((_raw_data ->> 'redirect_on_completion'::text)) STORED,
    return_url text GENERATED ALWAYS AS ((_raw_data ->> 'return_url'::text)) STORED,
    saved_payment_method_options jsonb GENERATED ALWAYS AS ((_raw_data -> 'saved_payment_method_options'::text)) STORED,
    setup_intent text GENERATED ALWAYS AS ((_raw_data ->> 'setup_intent'::text)) STORED,
    shipping_address_collection jsonb GENERATED ALWAYS AS ((_raw_data -> 'shipping_address_collection'::text)) STORED,
    shipping_cost jsonb GENERATED ALWAYS AS ((_raw_data -> 'shipping_cost'::text)) STORED,
    shipping_details jsonb GENERATED ALWAYS AS ((_raw_data -> 'shipping_details'::text)) STORED,
    shipping_options jsonb GENERATED ALWAYS AS ((_raw_data -> 'shipping_options'::text)) STORED,
    status text GENERATED ALWAYS AS ((_raw_data ->> 'status'::text)) STORED,
    submit_type text GENERATED ALWAYS AS ((_raw_data ->> 'submit_type'::text)) STORED,
    subscription text GENERATED ALWAYS AS ((_raw_data ->> 'subscription'::text)) STORED,
    success_url text GENERATED ALWAYS AS ((_raw_data ->> 'success_url'::text)) STORED,
    tax_id_collection jsonb GENERATED ALWAYS AS ((_raw_data -> 'tax_id_collection'::text)) STORED,
    total_details jsonb GENERATED ALWAYS AS ((_raw_data -> 'total_details'::text)) STORED,
    ui_mode text GENERATED ALWAYS AS ((_raw_data ->> 'ui_mode'::text)) STORED,
    url text GENERATED ALWAYS AS ((_raw_data ->> 'url'::text)) STORED,
    wallet_options jsonb GENERATED ALWAYS AS ((_raw_data -> 'wallet_options'::text)) STORED,
    id text GENERATED ALWAYS AS ((_raw_data ->> 'id'::text)) STORED NOT NULL
);


ALTER TABLE stripe.checkout_sessions OWNER TO neondb_owner;

--
-- Name: coupons; Type: TABLE; Schema: stripe; Owner: neondb_owner
--

CREATE TABLE stripe.coupons (
    _updated_at timestamp with time zone DEFAULT timezone('utc'::text, now()) NOT NULL,
    _last_synced_at timestamp with time zone,
    _raw_data jsonb,
    object text GENERATED ALWAYS AS ((_raw_data ->> 'object'::text)) STORED,
    name text GENERATED ALWAYS AS ((_raw_data ->> 'name'::text)) STORED,
    valid boolean GENERATED ALWAYS AS (((_raw_data ->> 'valid'::text))::boolean) STORED,
    created integer GENERATED ALWAYS AS (((_raw_data ->> 'created'::text))::integer) STORED,
    updated integer GENERATED ALWAYS AS (((_raw_data ->> 'updated'::text))::integer) STORED,
    currency text GENERATED ALWAYS AS ((_raw_data ->> 'currency'::text)) STORED,
    duration text GENERATED ALWAYS AS ((_raw_data ->> 'duration'::text)) STORED,
    livemode boolean GENERATED ALWAYS AS (((_raw_data ->> 'livemode'::text))::boolean) STORED,
    metadata jsonb GENERATED ALWAYS AS ((_raw_data -> 'metadata'::text)) STORED,
    redeem_by integer GENERATED ALWAYS AS (((_raw_data ->> 'redeem_by'::text))::integer) STORED,
    amount_off bigint GENERATED ALWAYS AS (((_raw_data ->> 'amount_off'::text))::bigint) STORED,
    percent_off double precision GENERATED ALWAYS AS (((_raw_data ->> 'percent_off'::text))::double precision) STORED,
    times_redeemed bigint GENERATED ALWAYS AS (((_raw_data ->> 'times_redeemed'::text))::bigint) STORED,
    max_redemptions bigint GENERATED ALWAYS AS (((_raw_data ->> 'max_redemptions'::text))::bigint) STORED,
    duration_in_months bigint GENERATED ALWAYS AS (((_raw_data ->> 'duration_in_months'::text))::bigint) STORED,
    percent_off_precise double precision GENERATED ALWAYS AS (((_raw_data ->> 'percent_off_precise'::text))::double precision) STORED,
    id text GENERATED ALWAYS AS ((_raw_data ->> 'id'::text)) STORED NOT NULL
);


ALTER TABLE stripe.coupons OWNER TO neondb_owner;

--
-- Name: credit_notes; Type: TABLE; Schema: stripe; Owner: neondb_owner
--

CREATE TABLE stripe.credit_notes (
    _last_synced_at timestamp with time zone,
    _raw_data jsonb,
    _account_id text NOT NULL,
    object text GENERATED ALWAYS AS ((_raw_data ->> 'object'::text)) STORED,
    amount integer GENERATED ALWAYS AS (((_raw_data ->> 'amount'::text))::integer) STORED,
    amount_shipping integer GENERATED ALWAYS AS (((_raw_data ->> 'amount_shipping'::text))::integer) STORED,
    created integer GENERATED ALWAYS AS (((_raw_data ->> 'created'::text))::integer) STORED,
    currency text GENERATED ALWAYS AS ((_raw_data ->> 'currency'::text)) STORED,
    customer text GENERATED ALWAYS AS ((_raw_data ->> 'customer'::text)) STORED,
    customer_balance_transaction text GENERATED ALWAYS AS ((_raw_data ->> 'customer_balance_transaction'::text)) STORED,
    discount_amount integer GENERATED ALWAYS AS (((_raw_data ->> 'discount_amount'::text))::integer) STORED,
    discount_amounts jsonb GENERATED ALWAYS AS ((_raw_data -> 'discount_amounts'::text)) STORED,
    invoice text GENERATED ALWAYS AS ((_raw_data ->> 'invoice'::text)) STORED,
    lines jsonb GENERATED ALWAYS AS ((_raw_data -> 'lines'::text)) STORED,
    livemode boolean GENERATED ALWAYS AS (((_raw_data ->> 'livemode'::text))::boolean) STORED,
    memo text GENERATED ALWAYS AS ((_raw_data ->> 'memo'::text)) STORED,
    metadata jsonb GENERATED ALWAYS AS ((_raw_data -> 'metadata'::text)) STORED,
    number text GENERATED ALWAYS AS ((_raw_data ->> 'number'::text)) STORED,
    out_of_band_amount integer GENERATED ALWAYS AS (((_raw_data ->> 'out_of_band_amount'::text))::integer) STORED,
    pdf text GENERATED ALWAYS AS ((_raw_data ->> 'pdf'::text)) STORED,
    reason text GENERATED ALWAYS AS ((_raw_data ->> 'reason'::text)) STORED,
    refund text GENERATED ALWAYS AS ((_raw_data ->> 'refund'::text)) STORED,
    shipping_cost jsonb GENERATED ALWAYS AS ((_raw_data -> 'shipping_cost'::text)) STORED,
    status text GENERATED ALWAYS AS ((_raw_data ->> 'status'::text)) STORED,
    subtotal integer GENERATED ALWAYS AS (((_raw_data ->> 'subtotal'::text))::integer) STORED,
    subtotal_excluding_tax integer GENERATED ALWAYS AS (((_raw_data ->> 'subtotal_excluding_tax'::text))::integer) STORED,
    tax_amounts jsonb GENERATED ALWAYS AS ((_raw_data -> 'tax_amounts'::text)) STORED,
    total integer GENERATED ALWAYS AS (((_raw_data ->> 'total'::text))::integer) STORED,
    total_excluding_tax integer GENERATED ALWAYS AS (((_raw_data ->> 'total_excluding_tax'::text))::integer) STORED,
    type text GENERATED ALWAYS AS ((_raw_data ->> 'type'::text)) STORED,
    voided_at text GENERATED ALWAYS AS ((_raw_data ->> 'voided_at'::text)) STORED,
    id text GENERATED ALWAYS AS ((_raw_data ->> 'id'::text)) STORED NOT NULL
);


ALTER TABLE stripe.credit_notes OWNER TO neondb_owner;

--
-- Name: customers; Type: TABLE; Schema: stripe; Owner: neondb_owner
--

CREATE TABLE stripe.customers (
    _updated_at timestamp with time zone DEFAULT timezone('utc'::text, now()) NOT NULL,
    _last_synced_at timestamp with time zone,
    _raw_data jsonb,
    _account_id text NOT NULL,
    object text GENERATED ALWAYS AS ((_raw_data ->> 'object'::text)) STORED,
    address jsonb GENERATED ALWAYS AS ((_raw_data -> 'address'::text)) STORED,
    description text GENERATED ALWAYS AS ((_raw_data ->> 'description'::text)) STORED,
    email text GENERATED ALWAYS AS ((_raw_data ->> 'email'::text)) STORED,
    metadata jsonb GENERATED ALWAYS AS ((_raw_data -> 'metadata'::text)) STORED,
    name text GENERATED ALWAYS AS ((_raw_data ->> 'name'::text)) STORED,
    phone text GENERATED ALWAYS AS ((_raw_data ->> 'phone'::text)) STORED,
    shipping jsonb GENERATED ALWAYS AS ((_raw_data -> 'shipping'::text)) STORED,
    balance integer GENERATED ALWAYS AS (((_raw_data ->> 'balance'::text))::integer) STORED,
    created integer GENERATED ALWAYS AS (((_raw_data ->> 'created'::text))::integer) STORED,
    currency text GENERATED ALWAYS AS ((_raw_data ->> 'currency'::text)) STORED,
    default_source text GENERATED ALWAYS AS ((_raw_data ->> 'default_source'::text)) STORED,
    delinquent boolean GENERATED ALWAYS AS (((_raw_data ->> 'delinquent'::text))::boolean) STORED,
    discount jsonb GENERATED ALWAYS AS ((_raw_data -> 'discount'::text)) STORED,
    invoice_prefix text GENERATED ALWAYS AS ((_raw_data ->> 'invoice_prefix'::text)) STORED,
    invoice_settings jsonb GENERATED ALWAYS AS ((_raw_data -> 'invoice_settings'::text)) STORED,
    livemode boolean GENERATED ALWAYS AS (((_raw_data ->> 'livemode'::text))::boolean) STORED,
    next_invoice_sequence integer GENERATED ALWAYS AS (((_raw_data ->> 'next_invoice_sequence'::text))::integer) STORED,
    preferred_locales jsonb GENERATED ALWAYS AS ((_raw_data -> 'preferred_locales'::text)) STORED,
    tax_exempt text GENERATED ALWAYS AS ((_raw_data ->> 'tax_exempt'::text)) STORED,
    deleted boolean GENERATED ALWAYS AS (((_raw_data ->> 'deleted'::text))::boolean) STORED,
    id text GENERATED ALWAYS AS ((_raw_data ->> 'id'::text)) STORED NOT NULL
);


ALTER TABLE stripe.customers OWNER TO neondb_owner;

--
-- Name: disputes; Type: TABLE; Schema: stripe; Owner: neondb_owner
--

CREATE TABLE stripe.disputes (
    _updated_at timestamp with time zone DEFAULT timezone('utc'::text, now()) NOT NULL,
    _last_synced_at timestamp with time zone,
    _raw_data jsonb,
    _account_id text NOT NULL,
    object text GENERATED ALWAYS AS ((_raw_data ->> 'object'::text)) STORED,
    amount bigint GENERATED ALWAYS AS (((_raw_data ->> 'amount'::text))::bigint) STORED,
    charge text GENERATED ALWAYS AS ((_raw_data ->> 'charge'::text)) STORED,
    reason text GENERATED ALWAYS AS ((_raw_data ->> 'reason'::text)) STORED,
    status text GENERATED ALWAYS AS ((_raw_data ->> 'status'::text)) STORED,
    created integer GENERATED ALWAYS AS (((_raw_data ->> 'created'::text))::integer) STORED,
    updated integer GENERATED ALWAYS AS (((_raw_data ->> 'updated'::text))::integer) STORED,
    currency text GENERATED ALWAYS AS ((_raw_data ->> 'currency'::text)) STORED,
    evidence jsonb GENERATED ALWAYS AS ((_raw_data -> 'evidence'::text)) STORED,
    livemode boolean GENERATED ALWAYS AS (((_raw_data ->> 'livemode'::text))::boolean) STORED,
    metadata jsonb GENERATED ALWAYS AS ((_raw_data -> 'metadata'::text)) STORED,
    evidence_details jsonb GENERATED ALWAYS AS ((_raw_data -> 'evidence_details'::text)) STORED,
    balance_transactions jsonb GENERATED ALWAYS AS ((_raw_data -> 'balance_transactions'::text)) STORED,
    is_charge_refundable boolean GENERATED ALWAYS AS (((_raw_data ->> 'is_charge_refundable'::text))::boolean) STORED,
    payment_intent text GENERATED ALWAYS AS ((_raw_data ->> 'payment_intent'::text)) STORED,
    id text GENERATED ALWAYS AS ((_raw_data ->> 'id'::text)) STORED NOT NULL
);


ALTER TABLE stripe.disputes OWNER TO neondb_owner;

--
-- Name: early_fraud_warnings; Type: TABLE; Schema: stripe; Owner: neondb_owner
--

CREATE TABLE stripe.early_fraud_warnings (
    _updated_at timestamp with time zone DEFAULT timezone('utc'::text, now()) NOT NULL,
    _last_synced_at timestamp with time zone,
    _raw_data jsonb,
    _account_id text NOT NULL,
    object text GENERATED ALWAYS AS ((_raw_data ->> 'object'::text)) STORED,
    actionable boolean GENERATED ALWAYS AS (((_raw_data ->> 'actionable'::text))::boolean) STORED,
    charge text GENERATED ALWAYS AS ((_raw_data ->> 'charge'::text)) STORED,
    created integer GENERATED ALWAYS AS (((_raw_data ->> 'created'::text))::integer) STORED,
    fraud_type text GENERATED ALWAYS AS ((_raw_data ->> 'fraud_type'::text)) STORED,
    livemode boolean GENERATED ALWAYS AS (((_raw_data ->> 'livemode'::text))::boolean) STORED,
    payment_intent text GENERATED ALWAYS AS ((_raw_data ->> 'payment_intent'::text)) STORED,
    id text GENERATED ALWAYS AS ((_raw_data ->> 'id'::text)) STORED NOT NULL
);


ALTER TABLE stripe.early_fraud_warnings OWNER TO neondb_owner;

--
-- Name: events; Type: TABLE; Schema: stripe; Owner: neondb_owner
--

CREATE TABLE stripe.events (
    _updated_at timestamp with time zone DEFAULT timezone('utc'::text, now()) NOT NULL,
    _last_synced_at timestamp with time zone,
    _raw_data jsonb,
    object text GENERATED ALWAYS AS ((_raw_data ->> 'object'::text)) STORED,
    data jsonb GENERATED ALWAYS AS ((_raw_data -> 'data'::text)) STORED,
    type text GENERATED ALWAYS AS ((_raw_data ->> 'type'::text)) STORED,
    created integer GENERATED ALWAYS AS (((_raw_data ->> 'created'::text))::integer) STORED,
    request text GENERATED ALWAYS AS ((_raw_data ->> 'request'::text)) STORED,
    updated integer GENERATED ALWAYS AS (((_raw_data ->> 'updated'::text))::integer) STORED,
    livemode boolean GENERATED ALWAYS AS (((_raw_data ->> 'livemode'::text))::boolean) STORED,
    api_version text GENERATED ALWAYS AS ((_raw_data ->> 'api_version'::text)) STORED,
    pending_webhooks bigint GENERATED ALWAYS AS (((_raw_data ->> 'pending_webhooks'::text))::bigint) STORED,
    id text GENERATED ALWAYS AS ((_raw_data ->> 'id'::text)) STORED NOT NULL
);


ALTER TABLE stripe.events OWNER TO neondb_owner;

--
-- Name: features; Type: TABLE; Schema: stripe; Owner: neondb_owner
--

CREATE TABLE stripe.features (
    _updated_at timestamp with time zone DEFAULT timezone('utc'::text, now()) NOT NULL,
    _last_synced_at timestamp with time zone,
    _raw_data jsonb,
    _account_id text NOT NULL,
    object text GENERATED ALWAYS AS ((_raw_data ->> 'object'::text)) STORED,
    livemode boolean GENERATED ALWAYS AS (((_raw_data ->> 'livemode'::text))::boolean) STORED,
    name text GENERATED ALWAYS AS ((_raw_data ->> 'name'::text)) STORED,
    lookup_key text GENERATED ALWAYS AS ((_raw_data ->> 'lookup_key'::text)) STORED,
    active boolean GENERATED ALWAYS AS (((_raw_data ->> 'active'::text))::boolean) STORED,
    metadata jsonb GENERATED ALWAYS AS ((_raw_data -> 'metadata'::text)) STORED,
    id text GENERATED ALWAYS AS ((_raw_data ->> 'id'::text)) STORED NOT NULL
);


ALTER TABLE stripe.features OWNER TO neondb_owner;

--
-- Name: invoices; Type: TABLE; Schema: stripe; Owner: neondb_owner
--

CREATE TABLE stripe.invoices (
    _updated_at timestamp with time zone DEFAULT timezone('utc'::text, now()) NOT NULL,
    _last_synced_at timestamp with time zone,
    _raw_data jsonb,
    _account_id text NOT NULL,
    object text GENERATED ALWAYS AS ((_raw_data ->> 'object'::text)) STORED,
    auto_advance boolean GENERATED ALWAYS AS (((_raw_data ->> 'auto_advance'::text))::boolean) STORED,
    collection_method text GENERATED ALWAYS AS ((_raw_data ->> 'collection_method'::text)) STORED,
    currency text GENERATED ALWAYS AS ((_raw_data ->> 'currency'::text)) STORED,
    description text GENERATED ALWAYS AS ((_raw_data ->> 'description'::text)) STORED,
    hosted_invoice_url text GENERATED ALWAYS AS ((_raw_data ->> 'hosted_invoice_url'::text)) STORED,
    lines jsonb GENERATED ALWAYS AS ((_raw_data -> 'lines'::text)) STORED,
    period_end integer GENERATED ALWAYS AS (((_raw_data ->> 'period_end'::text))::integer) STORED,
    period_start integer GENERATED ALWAYS AS (((_raw_data ->> 'period_start'::text))::integer) STORED,
    status text GENERATED ALWAYS AS ((_raw_data ->> 'status'::text)) STORED,
    total bigint GENERATED ALWAYS AS (((_raw_data ->> 'total'::text))::bigint) STORED,
    account_country text GENERATED ALWAYS AS ((_raw_data ->> 'account_country'::text)) STORED,
    account_name text GENERATED ALWAYS AS ((_raw_data ->> 'account_name'::text)) STORED,
    account_tax_ids jsonb GENERATED ALWAYS AS ((_raw_data -> 'account_tax_ids'::text)) STORED,
    amount_due bigint GENERATED ALWAYS AS (((_raw_data ->> 'amount_due'::text))::bigint) STORED,
    amount_paid bigint GENERATED ALWAYS AS (((_raw_data ->> 'amount_paid'::text))::bigint) STORED,
    amount_remaining bigint GENERATED ALWAYS AS (((_raw_data ->> 'amount_remaining'::text))::bigint) STORED,
    application_fee_amount bigint GENERATED ALWAYS AS (((_raw_data ->> 'application_fee_amount'::text))::bigint) STORED,
    attempt_count integer GENERATED ALWAYS AS (((_raw_data ->> 'attempt_count'::text))::integer) STORED,
    attempted boolean GENERATED ALWAYS AS (((_raw_data ->> 'attempted'::text))::boolean) STORED,
    billing_reason text GENERATED ALWAYS AS ((_raw_data ->> 'billing_reason'::text)) STORED,
    created integer GENERATED ALWAYS AS (((_raw_data ->> 'created'::text))::integer) STORED,
    custom_fields jsonb GENERATED ALWAYS AS ((_raw_data -> 'custom_fields'::text)) STORED,
    customer_address jsonb GENERATED ALWAYS AS ((_raw_data -> 'customer_address'::text)) STORED,
    customer_email text GENERATED ALWAYS AS ((_raw_data ->> 'customer_email'::text)) STORED,
    customer_name text GENERATED ALWAYS AS ((_raw_data ->> 'customer_name'::text)) STORED,
    customer_phone text GENERATED ALWAYS AS ((_raw_data ->> 'customer_phone'::text)) STORED,
    customer_shipping jsonb GENERATED ALWAYS AS ((_raw_data -> 'customer_shipping'::text)) STORED,
    customer_tax_exempt text GENERATED ALWAYS AS ((_raw_data ->> 'customer_tax_exempt'::text)) STORED,
    customer_tax_ids jsonb GENERATED ALWAYS AS ((_raw_data -> 'customer_tax_ids'::text)) STORED,
    default_tax_rates jsonb GENERATED ALWAYS AS ((_raw_data -> 'default_tax_rates'::text)) STORED,
    discount jsonb GENERATED ALWAYS AS ((_raw_data -> 'discount'::text)) STORED,
    discounts jsonb GENERATED ALWAYS AS ((_raw_data -> 'discounts'::text)) STORED,
    due_date integer GENERATED ALWAYS AS (((_raw_data ->> 'due_date'::text))::integer) STORED,
    ending_balance integer GENERATED ALWAYS AS (((_raw_data ->> 'ending_balance'::text))::integer) STORED,
    footer text GENERATED ALWAYS AS ((_raw_data ->> 'footer'::text)) STORED,
    invoice_pdf text GENERATED ALWAYS AS ((_raw_data ->> 'invoice_pdf'::text)) STORED,
    last_finalization_error jsonb GENERATED ALWAYS AS ((_raw_data -> 'last_finalization_error'::text)) STORED,
    livemode boolean GENERATED ALWAYS AS (((_raw_data ->> 'livemode'::text))::boolean) STORED,
    next_payment_attempt integer GENERATED ALWAYS AS (((_raw_data ->> 'next_payment_attempt'::text))::integer) STORED,
    number text GENERATED ALWAYS AS ((_raw_data ->> 'number'::text)) STORED,
    paid boolean GENERATED ALWAYS AS (((_raw_data ->> 'paid'::text))::boolean) STORED,
    payment_settings jsonb GENERATED ALWAYS AS ((_raw_data -> 'payment_settings'::text)) STORED,
    post_payment_credit_notes_amount integer GENERATED ALWAYS AS (((_raw_data ->> 'post_payment_credit_notes_amount'::text))::integer) STORED,
    pre_payment_credit_notes_amount integer GENERATED ALWAYS AS (((_raw_data ->> 'pre_payment_credit_notes_amount'::text))::integer) STORED,
    receipt_number text GENERATED ALWAYS AS ((_raw_data ->> 'receipt_number'::text)) STORED,
    starting_balance integer GENERATED ALWAYS AS (((_raw_data ->> 'starting_balance'::text))::integer) STORED,
    statement_descriptor text GENERATED ALWAYS AS ((_raw_data ->> 'statement_descriptor'::text)) STORED,
    status_transitions jsonb GENERATED ALWAYS AS ((_raw_data -> 'status_transitions'::text)) STORED,
    subtotal integer GENERATED ALWAYS AS (((_raw_data ->> 'subtotal'::text))::integer) STORED,
    tax integer GENERATED ALWAYS AS (((_raw_data ->> 'tax'::text))::integer) STORED,
    total_discount_amounts jsonb GENERATED ALWAYS AS ((_raw_data -> 'total_discount_amounts'::text)) STORED,
    total_tax_amounts jsonb GENERATED ALWAYS AS ((_raw_data -> 'total_tax_amounts'::text)) STORED,
    transfer_data jsonb GENERATED ALWAYS AS ((_raw_data -> 'transfer_data'::text)) STORED,
    webhooks_delivered_at integer GENERATED ALWAYS AS (((_raw_data ->> 'webhooks_delivered_at'::text))::integer) STORED,
    customer text GENERATED ALWAYS AS ((_raw_data ->> 'customer'::text)) STORED,
    subscription text GENERATED ALWAYS AS ((_raw_data ->> 'subscription'::text)) STORED,
    payment_intent text GENERATED ALWAYS AS ((_raw_data ->> 'payment_intent'::text)) STORED,
    default_payment_method text GENERATED ALWAYS AS ((_raw_data ->> 'default_payment_method'::text)) STORED,
    default_source text GENERATED ALWAYS AS ((_raw_data ->> 'default_source'::text)) STORED,
    on_behalf_of text GENERATED ALWAYS AS ((_raw_data ->> 'on_behalf_of'::text)) STORED,
    charge text GENERATED ALWAYS AS ((_raw_data ->> 'charge'::text)) STORED,
    metadata jsonb GENERATED ALWAYS AS ((_raw_data -> 'metadata'::text)) STORED,
    id text GENERATED ALWAYS AS ((_raw_data ->> 'id'::text)) STORED NOT NULL
);


ALTER TABLE stripe.invoices OWNER TO neondb_owner;

--
-- Name: payment_intents; Type: TABLE; Schema: stripe; Owner: neondb_owner
--

CREATE TABLE stripe.payment_intents (
    _last_synced_at timestamp with time zone,
    _raw_data jsonb,
    _account_id text NOT NULL,
    object text GENERATED ALWAYS AS ((_raw_data ->> 'object'::text)) STORED,
    amount integer GENERATED ALWAYS AS (((_raw_data ->> 'amount'::text))::integer) STORED,
    amount_capturable integer GENERATED ALWAYS AS (((_raw_data ->> 'amount_capturable'::text))::integer) STORED,
    amount_details jsonb GENERATED ALWAYS AS ((_raw_data -> 'amount_details'::text)) STORED,
    amount_received integer GENERATED ALWAYS AS (((_raw_data ->> 'amount_received'::text))::integer) STORED,
    application text GENERATED ALWAYS AS ((_raw_data ->> 'application'::text)) STORED,
    application_fee_amount integer GENERATED ALWAYS AS (((_raw_data ->> 'application_fee_amount'::text))::integer) STORED,
    automatic_payment_methods text GENERATED ALWAYS AS ((_raw_data ->> 'automatic_payment_methods'::text)) STORED,
    canceled_at integer GENERATED ALWAYS AS (((_raw_data ->> 'canceled_at'::text))::integer) STORED,
    cancellation_reason text GENERATED ALWAYS AS ((_raw_data ->> 'cancellation_reason'::text)) STORED,
    capture_method text GENERATED ALWAYS AS ((_raw_data ->> 'capture_method'::text)) STORED,
    client_secret text GENERATED ALWAYS AS ((_raw_data ->> 'client_secret'::text)) STORED,
    confirmation_method text GENERATED ALWAYS AS ((_raw_data ->> 'confirmation_method'::text)) STORED,
    created integer GENERATED ALWAYS AS (((_raw_data ->> 'created'::text))::integer) STORED,
    currency text GENERATED ALWAYS AS ((_raw_data ->> 'currency'::text)) STORED,
    customer text GENERATED ALWAYS AS ((_raw_data ->> 'customer'::text)) STORED,
    description text GENERATED ALWAYS AS ((_raw_data ->> 'description'::text)) STORED,
    invoice text GENERATED ALWAYS AS ((_raw_data ->> 'invoice'::text)) STORED,
    last_payment_error text GENERATED ALWAYS AS ((_raw_data ->> 'last_payment_error'::text)) STORED,
    livemode boolean GENERATED ALWAYS AS (((_raw_data ->> 'livemode'::text))::boolean) STORED,
    metadata jsonb GENERATED ALWAYS AS ((_raw_data -> 'metadata'::text)) STORED,
    next_action text GENERATED ALWAYS AS ((_raw_data ->> 'next_action'::text)) STORED,
    on_behalf_of text GENERATED ALWAYS AS ((_raw_data ->> 'on_behalf_of'::text)) STORED,
    payment_method text GENERATED ALWAYS AS ((_raw_data ->> 'payment_method'::text)) STORED,
    payment_method_options jsonb GENERATED ALWAYS AS ((_raw_data -> 'payment_method_options'::text)) STORED,
    payment_method_types jsonb GENERATED ALWAYS AS ((_raw_data -> 'payment_method_types'::text)) STORED,
    processing text GENERATED ALWAYS AS ((_raw_data ->> 'processing'::text)) STORED,
    receipt_email text GENERATED ALWAYS AS ((_raw_data ->> 'receipt_email'::text)) STORED,
    review text GENERATED ALWAYS AS ((_raw_data ->> 'review'::text)) STORED,
    setup_future_usage text GENERATED ALWAYS AS ((_raw_data ->> 'setup_future_usage'::text)) STORED,
    shipping jsonb GENERATED ALWAYS AS ((_raw_data -> 'shipping'::text)) STORED,
    statement_descriptor text GENERATED ALWAYS AS ((_raw_data ->> 'statement_descriptor'::text)) STORED,
    statement_descriptor_suffix text GENERATED ALWAYS AS ((_raw_data ->> 'statement_descriptor_suffix'::text)) STORED,
    status text GENERATED ALWAYS AS ((_raw_data ->> 'status'::text)) STORED,
    transfer_data jsonb GENERATED ALWAYS AS ((_raw_data -> 'transfer_data'::text)) STORED,
    transfer_group text GENERATED ALWAYS AS ((_raw_data ->> 'transfer_group'::text)) STORED,
    id text GENERATED ALWAYS AS ((_raw_data ->> 'id'::text)) STORED NOT NULL
);


ALTER TABLE stripe.payment_intents OWNER TO neondb_owner;

--
-- Name: payment_methods; Type: TABLE; Schema: stripe; Owner: neondb_owner
--

CREATE TABLE stripe.payment_methods (
    _last_synced_at timestamp with time zone,
    _raw_data jsonb,
    _account_id text NOT NULL,
    object text GENERATED ALWAYS AS ((_raw_data ->> 'object'::text)) STORED,
    created integer GENERATED ALWAYS AS (((_raw_data ->> 'created'::text))::integer) STORED,
    customer text GENERATED ALWAYS AS ((_raw_data ->> 'customer'::text)) STORED,
    type text GENERATED ALWAYS AS ((_raw_data ->> 'type'::text)) STORED,
    billing_details jsonb GENERATED ALWAYS AS ((_raw_data -> 'billing_details'::text)) STORED,
    metadata jsonb GENERATED ALWAYS AS ((_raw_data -> 'metadata'::text)) STORED,
    card jsonb GENERATED ALWAYS AS ((_raw_data -> 'card'::text)) STORED,
    id text GENERATED ALWAYS AS ((_raw_data ->> 'id'::text)) STORED NOT NULL
);


ALTER TABLE stripe.payment_methods OWNER TO neondb_owner;

--
-- Name: payouts; Type: TABLE; Schema: stripe; Owner: neondb_owner
--

CREATE TABLE stripe.payouts (
    _updated_at timestamp with time zone DEFAULT timezone('utc'::text, now()) NOT NULL,
    _last_synced_at timestamp with time zone,
    _raw_data jsonb,
    object text GENERATED ALWAYS AS ((_raw_data ->> 'object'::text)) STORED,
    date text GENERATED ALWAYS AS ((_raw_data ->> 'date'::text)) STORED,
    type text GENERATED ALWAYS AS ((_raw_data ->> 'type'::text)) STORED,
    amount bigint GENERATED ALWAYS AS (((_raw_data ->> 'amount'::text))::bigint) STORED,
    method text GENERATED ALWAYS AS ((_raw_data ->> 'method'::text)) STORED,
    status text GENERATED ALWAYS AS ((_raw_data ->> 'status'::text)) STORED,
    created integer GENERATED ALWAYS AS (((_raw_data ->> 'created'::text))::integer) STORED,
    updated integer GENERATED ALWAYS AS (((_raw_data ->> 'updated'::text))::integer) STORED,
    currency text GENERATED ALWAYS AS ((_raw_data ->> 'currency'::text)) STORED,
    livemode boolean GENERATED ALWAYS AS (((_raw_data ->> 'livemode'::text))::boolean) STORED,
    metadata jsonb GENERATED ALWAYS AS ((_raw_data -> 'metadata'::text)) STORED,
    automatic boolean GENERATED ALWAYS AS (((_raw_data ->> 'automatic'::text))::boolean) STORED,
    recipient text GENERATED ALWAYS AS ((_raw_data ->> 'recipient'::text)) STORED,
    description text GENERATED ALWAYS AS ((_raw_data ->> 'description'::text)) STORED,
    destination text GENERATED ALWAYS AS ((_raw_data ->> 'destination'::text)) STORED,
    source_type text GENERATED ALWAYS AS ((_raw_data ->> 'source_type'::text)) STORED,
    arrival_date text GENERATED ALWAYS AS ((_raw_data ->> 'arrival_date'::text)) STORED,
    bank_account jsonb GENERATED ALWAYS AS ((_raw_data -> 'bank_account'::text)) STORED,
    failure_code text GENERATED ALWAYS AS ((_raw_data ->> 'failure_code'::text)) STORED,
    transfer_group text GENERATED ALWAYS AS ((_raw_data ->> 'transfer_group'::text)) STORED,
    amount_reversed bigint GENERATED ALWAYS AS (((_raw_data ->> 'amount_reversed'::text))::bigint) STORED,
    failure_message text GENERATED ALWAYS AS ((_raw_data ->> 'failure_message'::text)) STORED,
    source_transaction text GENERATED ALWAYS AS ((_raw_data ->> 'source_transaction'::text)) STORED,
    balance_transaction text GENERATED ALWAYS AS ((_raw_data ->> 'balance_transaction'::text)) STORED,
    statement_descriptor text GENERATED ALWAYS AS ((_raw_data ->> 'statement_descriptor'::text)) STORED,
    statement_description text GENERATED ALWAYS AS ((_raw_data ->> 'statement_description'::text)) STORED,
    failure_balance_transaction text GENERATED ALWAYS AS ((_raw_data ->> 'failure_balance_transaction'::text)) STORED,
    id text GENERATED ALWAYS AS ((_raw_data ->> 'id'::text)) STORED NOT NULL
);


ALTER TABLE stripe.payouts OWNER TO neondb_owner;

--
-- Name: plans; Type: TABLE; Schema: stripe; Owner: neondb_owner
--

CREATE TABLE stripe.plans (
    _updated_at timestamp with time zone DEFAULT timezone('utc'::text, now()) NOT NULL,
    _last_synced_at timestamp with time zone,
    _raw_data jsonb,
    _account_id text NOT NULL,
    object text GENERATED ALWAYS AS ((_raw_data ->> 'object'::text)) STORED,
    name text GENERATED ALWAYS AS ((_raw_data ->> 'name'::text)) STORED,
    tiers jsonb GENERATED ALWAYS AS ((_raw_data -> 'tiers'::text)) STORED,
    active boolean GENERATED ALWAYS AS (((_raw_data ->> 'active'::text))::boolean) STORED,
    amount bigint GENERATED ALWAYS AS (((_raw_data ->> 'amount'::text))::bigint) STORED,
    created integer GENERATED ALWAYS AS (((_raw_data ->> 'created'::text))::integer) STORED,
    product text GENERATED ALWAYS AS ((_raw_data ->> 'product'::text)) STORED,
    updated integer GENERATED ALWAYS AS (((_raw_data ->> 'updated'::text))::integer) STORED,
    currency text GENERATED ALWAYS AS ((_raw_data ->> 'currency'::text)) STORED,
    "interval" text GENERATED ALWAYS AS ((_raw_data ->> 'interval'::text)) STORED,
    livemode boolean GENERATED ALWAYS AS (((_raw_data ->> 'livemode'::text))::boolean) STORED,
    metadata jsonb GENERATED ALWAYS AS ((_raw_data -> 'metadata'::text)) STORED,
    nickname text GENERATED ALWAYS AS ((_raw_data ->> 'nickname'::text)) STORED,
    tiers_mode text GENERATED ALWAYS AS ((_raw_data ->> 'tiers_mode'::text)) STORED,
    usage_type text GENERATED ALWAYS AS ((_raw_data ->> 'usage_type'::text)) STORED,
    billing_scheme text GENERATED ALWAYS AS ((_raw_data ->> 'billing_scheme'::text)) STORED,
    interval_count bigint GENERATED ALWAYS AS (((_raw_data ->> 'interval_count'::text))::bigint) STORED,
    aggregate_usage text GENERATED ALWAYS AS ((_raw_data ->> 'aggregate_usage'::text)) STORED,
    transform_usage text GENERATED ALWAYS AS ((_raw_data ->> 'transform_usage'::text)) STORED,
    trial_period_days bigint GENERATED ALWAYS AS (((_raw_data ->> 'trial_period_days'::text))::bigint) STORED,
    statement_descriptor text GENERATED ALWAYS AS ((_raw_data ->> 'statement_descriptor'::text)) STORED,
    statement_description text GENERATED ALWAYS AS ((_raw_data ->> 'statement_description'::text)) STORED,
    id text GENERATED ALWAYS AS ((_raw_data ->> 'id'::text)) STORED NOT NULL
);


ALTER TABLE stripe.plans OWNER TO neondb_owner;

--
-- Name: prices; Type: TABLE; Schema: stripe; Owner: neondb_owner
--

CREATE TABLE stripe.prices (
    _updated_at timestamp with time zone DEFAULT timezone('utc'::text, now()) NOT NULL,
    _last_synced_at timestamp with time zone,
    _raw_data jsonb,
    _account_id text NOT NULL,
    object text GENERATED ALWAYS AS ((_raw_data ->> 'object'::text)) STORED,
    active boolean GENERATED ALWAYS AS (((_raw_data ->> 'active'::text))::boolean) STORED,
    currency text GENERATED ALWAYS AS ((_raw_data ->> 'currency'::text)) STORED,
    metadata jsonb GENERATED ALWAYS AS ((_raw_data -> 'metadata'::text)) STORED,
    nickname text GENERATED ALWAYS AS ((_raw_data ->> 'nickname'::text)) STORED,
    recurring jsonb GENERATED ALWAYS AS ((_raw_data -> 'recurring'::text)) STORED,
    type text GENERATED ALWAYS AS ((_raw_data ->> 'type'::text)) STORED,
    unit_amount integer GENERATED ALWAYS AS (((_raw_data ->> 'unit_amount'::text))::integer) STORED,
    billing_scheme text GENERATED ALWAYS AS ((_raw_data ->> 'billing_scheme'::text)) STORED,
    created integer GENERATED ALWAYS AS (((_raw_data ->> 'created'::text))::integer) STORED,
    livemode boolean GENERATED ALWAYS AS (((_raw_data ->> 'livemode'::text))::boolean) STORED,
    lookup_key text GENERATED ALWAYS AS ((_raw_data ->> 'lookup_key'::text)) STORED,
    tiers_mode text GENERATED ALWAYS AS ((_raw_data ->> 'tiers_mode'::text)) STORED,
    transform_quantity jsonb GENERATED ALWAYS AS ((_raw_data -> 'transform_quantity'::text)) STORED,
    unit_amount_decimal text GENERATED ALWAYS AS ((_raw_data ->> 'unit_amount_decimal'::text)) STORED,
    product text GENERATED ALWAYS AS ((_raw_data ->> 'product'::text)) STORED,
    id text GENERATED ALWAYS AS ((_raw_data ->> 'id'::text)) STORED NOT NULL
);


ALTER TABLE stripe.prices OWNER TO neondb_owner;

--
-- Name: products; Type: TABLE; Schema: stripe; Owner: neondb_owner
--

CREATE TABLE stripe.products (
    _updated_at timestamp with time zone DEFAULT timezone('utc'::text, now()) NOT NULL,
    _last_synced_at timestamp with time zone,
    _raw_data jsonb,
    _account_id text NOT NULL,
    object text GENERATED ALWAYS AS ((_raw_data ->> 'object'::text)) STORED,
    active boolean GENERATED ALWAYS AS (((_raw_data ->> 'active'::text))::boolean) STORED,
    default_price text GENERATED ALWAYS AS ((_raw_data ->> 'default_price'::text)) STORED,
    description text GENERATED ALWAYS AS ((_raw_data ->> 'description'::text)) STORED,
    metadata jsonb GENERATED ALWAYS AS ((_raw_data -> 'metadata'::text)) STORED,
    name text GENERATED ALWAYS AS ((_raw_data ->> 'name'::text)) STORED,
    created integer GENERATED ALWAYS AS (((_raw_data ->> 'created'::text))::integer) STORED,
    images jsonb GENERATED ALWAYS AS ((_raw_data -> 'images'::text)) STORED,
    marketing_features jsonb GENERATED ALWAYS AS ((_raw_data -> 'marketing_features'::text)) STORED,
    livemode boolean GENERATED ALWAYS AS (((_raw_data ->> 'livemode'::text))::boolean) STORED,
    package_dimensions jsonb GENERATED ALWAYS AS ((_raw_data -> 'package_dimensions'::text)) STORED,
    shippable boolean GENERATED ALWAYS AS (((_raw_data ->> 'shippable'::text))::boolean) STORED,
    statement_descriptor text GENERATED ALWAYS AS ((_raw_data ->> 'statement_descriptor'::text)) STORED,
    unit_label text GENERATED ALWAYS AS ((_raw_data ->> 'unit_label'::text)) STORED,
    updated integer GENERATED ALWAYS AS (((_raw_data ->> 'updated'::text))::integer) STORED,
    url text GENERATED ALWAYS AS ((_raw_data ->> 'url'::text)) STORED,
    id text GENERATED ALWAYS AS ((_raw_data ->> 'id'::text)) STORED NOT NULL
);


ALTER TABLE stripe.products OWNER TO neondb_owner;

--
-- Name: refunds; Type: TABLE; Schema: stripe; Owner: neondb_owner
--

CREATE TABLE stripe.refunds (
    _updated_at timestamp with time zone DEFAULT timezone('utc'::text, now()) NOT NULL,
    _last_synced_at timestamp with time zone,
    _raw_data jsonb,
    _account_id text NOT NULL,
    object text GENERATED ALWAYS AS ((_raw_data ->> 'object'::text)) STORED,
    amount integer GENERATED ALWAYS AS (((_raw_data ->> 'amount'::text))::integer) STORED,
    balance_transaction text GENERATED ALWAYS AS ((_raw_data ->> 'balance_transaction'::text)) STORED,
    charge text GENERATED ALWAYS AS ((_raw_data ->> 'charge'::text)) STORED,
    created integer GENERATED ALWAYS AS (((_raw_data ->> 'created'::text))::integer) STORED,
    currency text GENERATED ALWAYS AS ((_raw_data ->> 'currency'::text)) STORED,
    destination_details jsonb GENERATED ALWAYS AS ((_raw_data -> 'destination_details'::text)) STORED,
    metadata jsonb GENERATED ALWAYS AS ((_raw_data -> 'metadata'::text)) STORED,
    payment_intent text GENERATED ALWAYS AS ((_raw_data ->> 'payment_intent'::text)) STORED,
    reason text GENERATED ALWAYS AS ((_raw_data ->> 'reason'::text)) STORED,
    receipt_number text GENERATED ALWAYS AS ((_raw_data ->> 'receipt_number'::text)) STORED,
    source_transfer_reversal text GENERATED ALWAYS AS ((_raw_data ->> 'source_transfer_reversal'::text)) STORED,
    status text GENERATED ALWAYS AS ((_raw_data ->> 'status'::text)) STORED,
    transfer_reversal text GENERATED ALWAYS AS ((_raw_data ->> 'transfer_reversal'::text)) STORED,
    id text GENERATED ALWAYS AS ((_raw_data ->> 'id'::text)) STORED NOT NULL
);


ALTER TABLE stripe.refunds OWNER TO neondb_owner;

--
-- Name: reviews; Type: TABLE; Schema: stripe; Owner: neondb_owner
--

CREATE TABLE stripe.reviews (
    _updated_at timestamp with time zone DEFAULT timezone('utc'::text, now()) NOT NULL,
    _last_synced_at timestamp with time zone,
    _raw_data jsonb,
    _account_id text NOT NULL,
    object text GENERATED ALWAYS AS ((_raw_data ->> 'object'::text)) STORED,
    billing_zip text GENERATED ALWAYS AS ((_raw_data ->> 'billing_zip'::text)) STORED,
    charge text GENERATED ALWAYS AS ((_raw_data ->> 'charge'::text)) STORED,
    created integer GENERATED ALWAYS AS (((_raw_data ->> 'created'::text))::integer) STORED,
    closed_reason text GENERATED ALWAYS AS ((_raw_data ->> 'closed_reason'::text)) STORED,
    livemode boolean GENERATED ALWAYS AS (((_raw_data ->> 'livemode'::text))::boolean) STORED,
    ip_address text GENERATED ALWAYS AS ((_raw_data ->> 'ip_address'::text)) STORED,
    ip_address_location jsonb GENERATED ALWAYS AS ((_raw_data -> 'ip_address_location'::text)) STORED,
    open boolean GENERATED ALWAYS AS (((_raw_data ->> 'open'::text))::boolean) STORED,
    opened_reason text GENERATED ALWAYS AS ((_raw_data ->> 'opened_reason'::text)) STORED,
    payment_intent text GENERATED ALWAYS AS ((_raw_data ->> 'payment_intent'::text)) STORED,
    reason text GENERATED ALWAYS AS ((_raw_data ->> 'reason'::text)) STORED,
    session text GENERATED ALWAYS AS ((_raw_data ->> 'session'::text)) STORED,
    id text GENERATED ALWAYS AS ((_raw_data ->> 'id'::text)) STORED NOT NULL
);


ALTER TABLE stripe.reviews OWNER TO neondb_owner;

--
-- Name: setup_intents; Type: TABLE; Schema: stripe; Owner: neondb_owner
--

CREATE TABLE stripe.setup_intents (
    _last_synced_at timestamp with time zone,
    _raw_data jsonb,
    _account_id text NOT NULL,
    object text GENERATED ALWAYS AS ((_raw_data ->> 'object'::text)) STORED,
    created integer GENERATED ALWAYS AS (((_raw_data ->> 'created'::text))::integer) STORED,
    customer text GENERATED ALWAYS AS ((_raw_data ->> 'customer'::text)) STORED,
    description text GENERATED ALWAYS AS ((_raw_data ->> 'description'::text)) STORED,
    payment_method text GENERATED ALWAYS AS ((_raw_data ->> 'payment_method'::text)) STORED,
    status text GENERATED ALWAYS AS ((_raw_data ->> 'status'::text)) STORED,
    usage text GENERATED ALWAYS AS ((_raw_data ->> 'usage'::text)) STORED,
    cancellation_reason text GENERATED ALWAYS AS ((_raw_data ->> 'cancellation_reason'::text)) STORED,
    latest_attempt text GENERATED ALWAYS AS ((_raw_data ->> 'latest_attempt'::text)) STORED,
    mandate text GENERATED ALWAYS AS ((_raw_data ->> 'mandate'::text)) STORED,
    single_use_mandate text GENERATED ALWAYS AS ((_raw_data ->> 'single_use_mandate'::text)) STORED,
    on_behalf_of text GENERATED ALWAYS AS ((_raw_data ->> 'on_behalf_of'::text)) STORED,
    id text GENERATED ALWAYS AS ((_raw_data ->> 'id'::text)) STORED NOT NULL
);


ALTER TABLE stripe.setup_intents OWNER TO neondb_owner;

--
-- Name: subscription_items; Type: TABLE; Schema: stripe; Owner: neondb_owner
--

CREATE TABLE stripe.subscription_items (
    _last_synced_at timestamp with time zone,
    _raw_data jsonb,
    _account_id text NOT NULL,
    object text GENERATED ALWAYS AS ((_raw_data ->> 'object'::text)) STORED,
    billing_thresholds jsonb GENERATED ALWAYS AS ((_raw_data -> 'billing_thresholds'::text)) STORED,
    created integer GENERATED ALWAYS AS (((_raw_data ->> 'created'::text))::integer) STORED,
    deleted boolean GENERATED ALWAYS AS (((_raw_data ->> 'deleted'::text))::boolean) STORED,
    metadata jsonb GENERATED ALWAYS AS ((_raw_data -> 'metadata'::text)) STORED,
    quantity integer GENERATED ALWAYS AS (((_raw_data ->> 'quantity'::text))::integer) STORED,
    price text GENERATED ALWAYS AS ((_raw_data ->> 'price'::text)) STORED,
    subscription text GENERATED ALWAYS AS ((_raw_data ->> 'subscription'::text)) STORED,
    tax_rates jsonb GENERATED ALWAYS AS ((_raw_data -> 'tax_rates'::text)) STORED,
    current_period_end integer GENERATED ALWAYS AS (((_raw_data ->> 'current_period_end'::text))::integer) STORED,
    current_period_start integer GENERATED ALWAYS AS (((_raw_data ->> 'current_period_start'::text))::integer) STORED,
    id text GENERATED ALWAYS AS ((_raw_data ->> 'id'::text)) STORED NOT NULL
);


ALTER TABLE stripe.subscription_items OWNER TO neondb_owner;

--
-- Name: subscription_schedules; Type: TABLE; Schema: stripe; Owner: neondb_owner
--

CREATE TABLE stripe.subscription_schedules (
    _last_synced_at timestamp with time zone,
    _raw_data jsonb,
    _account_id text NOT NULL,
    object text GENERATED ALWAYS AS ((_raw_data ->> 'object'::text)) STORED,
    application text GENERATED ALWAYS AS ((_raw_data ->> 'application'::text)) STORED,
    canceled_at integer GENERATED ALWAYS AS (((_raw_data ->> 'canceled_at'::text))::integer) STORED,
    completed_at integer GENERATED ALWAYS AS (((_raw_data ->> 'completed_at'::text))::integer) STORED,
    created integer GENERATED ALWAYS AS (((_raw_data ->> 'created'::text))::integer) STORED,
    current_phase jsonb GENERATED ALWAYS AS ((_raw_data -> 'current_phase'::text)) STORED,
    customer text GENERATED ALWAYS AS ((_raw_data ->> 'customer'::text)) STORED,
    default_settings jsonb GENERATED ALWAYS AS ((_raw_data -> 'default_settings'::text)) STORED,
    end_behavior text GENERATED ALWAYS AS ((_raw_data ->> 'end_behavior'::text)) STORED,
    livemode boolean GENERATED ALWAYS AS (((_raw_data ->> 'livemode'::text))::boolean) STORED,
    metadata jsonb GENERATED ALWAYS AS ((_raw_data -> 'metadata'::text)) STORED,
    phases jsonb GENERATED ALWAYS AS ((_raw_data -> 'phases'::text)) STORED,
    released_at integer GENERATED ALWAYS AS (((_raw_data ->> 'released_at'::text))::integer) STORED,
    released_subscription text GENERATED ALWAYS AS ((_raw_data ->> 'released_subscription'::text)) STORED,
    status text GENERATED ALWAYS AS ((_raw_data ->> 'status'::text)) STORED,
    subscription text GENERATED ALWAYS AS ((_raw_data ->> 'subscription'::text)) STORED,
    test_clock text GENERATED ALWAYS AS ((_raw_data ->> 'test_clock'::text)) STORED,
    id text GENERATED ALWAYS AS ((_raw_data ->> 'id'::text)) STORED NOT NULL
);


ALTER TABLE stripe.subscription_schedules OWNER TO neondb_owner;

--
-- Name: subscriptions; Type: TABLE; Schema: stripe; Owner: neondb_owner
--

CREATE TABLE stripe.subscriptions (
    _updated_at timestamp with time zone DEFAULT timezone('utc'::text, now()) NOT NULL,
    _last_synced_at timestamp with time zone,
    _raw_data jsonb,
    _account_id text NOT NULL,
    object text GENERATED ALWAYS AS ((_raw_data ->> 'object'::text)) STORED,
    cancel_at_period_end boolean GENERATED ALWAYS AS (((_raw_data ->> 'cancel_at_period_end'::text))::boolean) STORED,
    current_period_end integer GENERATED ALWAYS AS (((_raw_data ->> 'current_period_end'::text))::integer) STORED,
    current_period_start integer GENERATED ALWAYS AS (((_raw_data ->> 'current_period_start'::text))::integer) STORED,
    default_payment_method text GENERATED ALWAYS AS ((_raw_data ->> 'default_payment_method'::text)) STORED,
    items jsonb GENERATED ALWAYS AS ((_raw_data -> 'items'::text)) STORED,
    metadata jsonb GENERATED ALWAYS AS ((_raw_data -> 'metadata'::text)) STORED,
    pending_setup_intent text GENERATED ALWAYS AS ((_raw_data ->> 'pending_setup_intent'::text)) STORED,
    pending_update jsonb GENERATED ALWAYS AS ((_raw_data -> 'pending_update'::text)) STORED,
    status text GENERATED ALWAYS AS ((_raw_data ->> 'status'::text)) STORED,
    application_fee_percent double precision GENERATED ALWAYS AS (((_raw_data ->> 'application_fee_percent'::text))::double precision) STORED,
    billing_cycle_anchor integer GENERATED ALWAYS AS (((_raw_data ->> 'billing_cycle_anchor'::text))::integer) STORED,
    billing_thresholds jsonb GENERATED ALWAYS AS ((_raw_data -> 'billing_thresholds'::text)) STORED,
    cancel_at integer GENERATED ALWAYS AS (((_raw_data ->> 'cancel_at'::text))::integer) STORED,
    canceled_at integer GENERATED ALWAYS AS (((_raw_data ->> 'canceled_at'::text))::integer) STORED,
    collection_method text GENERATED ALWAYS AS ((_raw_data ->> 'collection_method'::text)) STORED,
    created integer GENERATED ALWAYS AS (((_raw_data ->> 'created'::text))::integer) STORED,
    days_until_due integer GENERATED ALWAYS AS (((_raw_data ->> 'days_until_due'::text))::integer) STORED,
    default_source text GENERATED ALWAYS AS ((_raw_data ->> 'default_source'::text)) STORED,
    default_tax_rates jsonb GENERATED ALWAYS AS ((_raw_data -> 'default_tax_rates'::text)) STORED,
    discount jsonb GENERATED ALWAYS AS ((_raw_data -> 'discount'::text)) STORED,
    ended_at integer GENERATED ALWAYS AS (((_raw_data ->> 'ended_at'::text))::integer) STORED,
    livemode boolean GENERATED ALWAYS AS (((_raw_data ->> 'livemode'::text))::boolean) STORED,
    next_pending_invoice_item_invoice integer GENERATED ALWAYS AS (((_raw_data ->> 'next_pending_invoice_item_invoice'::text))::integer) STORED,
    pause_collection jsonb GENERATED ALWAYS AS ((_raw_data -> 'pause_collection'::text)) STORED,
    pending_invoice_item_interval jsonb GENERATED ALWAYS AS ((_raw_data -> 'pending_invoice_item_interval'::text)) STORED,
    start_date integer GENERATED ALWAYS AS (((_raw_data ->> 'start_date'::text))::integer) STORED,
    transfer_data jsonb GENERATED ALWAYS AS ((_raw_data -> 'transfer_data'::text)) STORED,
    trial_end jsonb GENERATED ALWAYS AS ((_raw_data -> 'trial_end'::text)) STORED,
    trial_start jsonb GENERATED ALWAYS AS ((_raw_data -> 'trial_start'::text)) STORED,
    schedule text GENERATED ALWAYS AS ((_raw_data ->> 'schedule'::text)) STORED,
    customer text GENERATED ALWAYS AS ((_raw_data ->> 'customer'::text)) STORED,
    latest_invoice text GENERATED ALWAYS AS ((_raw_data ->> 'latest_invoice'::text)) STORED,
    plan text GENERATED ALWAYS AS ((_raw_data ->> 'plan'::text)) STORED,
    id text GENERATED ALWAYS AS ((_raw_data ->> 'id'::text)) STORED NOT NULL
);


ALTER TABLE stripe.subscriptions OWNER TO neondb_owner;

--
-- Name: tax_ids; Type: TABLE; Schema: stripe; Owner: neondb_owner
--

CREATE TABLE stripe.tax_ids (
    _last_synced_at timestamp with time zone,
    _raw_data jsonb,
    _account_id text NOT NULL,
    object text GENERATED ALWAYS AS ((_raw_data ->> 'object'::text)) STORED,
    country text GENERATED ALWAYS AS ((_raw_data ->> 'country'::text)) STORED,
    customer text GENERATED ALWAYS AS ((_raw_data ->> 'customer'::text)) STORED,
    type text GENERATED ALWAYS AS ((_raw_data ->> 'type'::text)) STORED,
    value text GENERATED ALWAYS AS ((_raw_data ->> 'value'::text)) STORED,
    created integer GENERATED ALWAYS AS (((_raw_data ->> 'created'::text))::integer) STORED,
    livemode boolean GENERATED ALWAYS AS (((_raw_data ->> 'livemode'::text))::boolean) STORED,
    owner jsonb GENERATED ALWAYS AS ((_raw_data -> 'owner'::text)) STORED,
    id text GENERATED ALWAYS AS ((_raw_data ->> 'id'::text)) STORED NOT NULL
);


ALTER TABLE stripe.tax_ids OWNER TO neondb_owner;

--
-- Name: replit_database_migrations_v1 id; Type: DEFAULT; Schema: _system; Owner: neondb_owner
--

ALTER TABLE ONLY _system.replit_database_migrations_v1 ALTER COLUMN id SET DEFAULT nextval('_system.replit_database_migrations_v1_id_seq'::regclass);


--
-- Name: in_app_notifications id; Type: DEFAULT; Schema: public; Owner: neondb_owner
--

ALTER TABLE ONLY public.in_app_notifications ALTER COLUMN id SET DEFAULT nextval('public.in_app_notifications_id_seq'::regclass);


--
-- Name: notification_preferences id; Type: DEFAULT; Schema: public; Owner: neondb_owner
--

ALTER TABLE ONLY public.notification_preferences ALTER COLUMN id SET DEFAULT nextval('public.notification_preferences_id_seq'::regclass);


--
-- Name: order_items id; Type: DEFAULT; Schema: public; Owner: neondb_owner
--

ALTER TABLE ONLY public.order_items ALTER COLUMN id SET DEFAULT nextval('public.order_items_id_seq'::regclass);


--
-- Name: orders id; Type: DEFAULT; Schema: public; Owner: neondb_owner
--

ALTER TABLE ONLY public.orders ALTER COLUMN id SET DEFAULT nextval('public.orders_id_seq'::regclass);


--
-- Name: platform_metrics id; Type: DEFAULT; Schema: public; Owner: neondb_owner
--

ALTER TABLE ONLY public.platform_metrics ALTER COLUMN id SET DEFAULT nextval('public.platform_metrics_id_seq'::regclass);


--
-- Name: product_categories id; Type: DEFAULT; Schema: public; Owner: neondb_owner
--

ALTER TABLE ONLY public.product_categories ALTER COLUMN id SET DEFAULT nextval('public.product_categories_id_seq'::regclass);


--
-- Name: products id; Type: DEFAULT; Schema: public; Owner: neondb_owner
--

ALTER TABLE ONLY public.products ALTER COLUMN id SET DEFAULT nextval('public.products_id_seq'::regclass);


--
-- Name: profiles id; Type: DEFAULT; Schema: public; Owner: neondb_owner
--

ALTER TABLE ONLY public.profiles ALTER COLUMN id SET DEFAULT nextval('public.profiles_id_seq'::regclass);


--
-- Name: promotions id; Type: DEFAULT; Schema: public; Owner: neondb_owner
--

ALTER TABLE ONLY public.promotions ALTER COLUMN id SET DEFAULT nextval('public.promotions_id_seq'::regclass);


--
-- Name: push_subscriptions id; Type: DEFAULT; Schema: public; Owner: neondb_owner
--

ALTER TABLE ONLY public.push_subscriptions ALTER COLUMN id SET DEFAULT nextval('public.push_subscriptions_id_seq'::regclass);


--
-- Name: redemptions id; Type: DEFAULT; Schema: public; Owner: neondb_owner
--

ALTER TABLE ONLY public.redemptions ALTER COLUMN id SET DEFAULT nextval('public.redemptions_id_seq'::regclass);


--
-- Name: rewards id; Type: DEFAULT; Schema: public; Owner: neondb_owner
--

ALTER TABLE ONLY public.rewards ALTER COLUMN id SET DEFAULT nextval('public.rewards_id_seq'::regclass);


--
-- Name: saved_addresses id; Type: DEFAULT; Schema: public; Owner: neondb_owner
--

ALTER TABLE ONLY public.saved_addresses ALTER COLUMN id SET DEFAULT nextval('public.saved_addresses_id_seq'::regclass);


--
-- Name: service_requests id; Type: DEFAULT; Schema: public; Owner: neondb_owner
--

ALTER TABLE ONLY public.service_requests ALTER COLUMN id SET DEFAULT nextval('public.service_requests_id_seq'::regclass);


--
-- Name: vendor_applications id; Type: DEFAULT; Schema: public; Owner: neondb_owner
--

ALTER TABLE ONLY public.vendor_applications ALTER COLUMN id SET DEFAULT nextval('public.vendor_applications_id_seq'::regclass);


--
-- Name: vendor_categories id; Type: DEFAULT; Schema: public; Owner: neondb_owner
--

ALTER TABLE ONLY public.vendor_categories ALTER COLUMN id SET DEFAULT nextval('public.vendor_categories_id_seq'::regclass);


--
-- Name: vendor_hours id; Type: DEFAULT; Schema: public; Owner: neondb_owner
--

ALTER TABLE ONLY public.vendor_hours ALTER COLUMN id SET DEFAULT nextval('public.vendor_hours_id_seq'::regclass);


--
-- Name: vendors id; Type: DEFAULT; Schema: public; Owner: neondb_owner
--

ALTER TABLE ONLY public.vendors ALTER COLUMN id SET DEFAULT nextval('public.vendors_id_seq'::regclass);


--
-- Name: _sync_status id; Type: DEFAULT; Schema: stripe; Owner: neondb_owner
--

ALTER TABLE ONLY stripe._sync_status ALTER COLUMN id SET DEFAULT nextval('stripe._sync_status_id_seq'::regclass);


--
-- Data for Name: replit_database_migrations_v1; Type: TABLE DATA; Schema: _system; Owner: neondb_owner
--

COPY _system.replit_database_migrations_v1 (id, build_id, deployment_id, statement_count, applied_at) FROM stdin;
1	7816db0e-c340-494e-9325-635638a0e2f7	4a82d006-42e1-4212-9850-51321fbe5a00	2	2026-01-12 14:02:03.843597+00
2	ae9f34ca-dc49-48fa-948b-948c3386a4ca	4a82d006-42e1-4212-9850-51321fbe5a00	10	2026-01-13 16:13:31.255175+00
3	22c8446a-ce16-45b5-9fbb-9e079464a929	4a82d006-42e1-4212-9850-51321fbe5a00	4	2026-01-13 16:55:35.664055+00
\.


--
-- Data for Name: in_app_notifications; Type: TABLE DATA; Schema: public; Owner: neondb_owner
--

COPY public.in_app_notifications (id, user_id, title, message, type, data, is_read, created_at) FROM stdin;
143	33446740	New Order!	You have a new order #26 worth LSL 2.00	order	{"total": "2.00", "orderId": 26}	t	2026-01-13 19:32:28.895353
144	33446740	Order Accepted	The Shop has accepted your order #26	order	{"status": "accepted", "orderId": 26}	t	2026-01-13 19:32:37.344423
145	33446740	Order Being Prepared	The Shop is now preparing your order #26	order	{"status": "preparing", "orderId": 26}	t	2026-01-13 19:32:41.264069
146	33446740	Order Being Prepared	The Shop is now preparing your order #26	order	{"status": "preparing", "orderId": 26}	t	2026-01-13 19:32:42.543806
147	33446740	Order Ready!	Your order #26 from The Shop is ready for pickup	order	{"status": "ready", "orderId": 26}	t	2026-01-13 19:32:43.281762
148	33446740	Order Ready!	Your order #26 from The Shop is ready for pickup	order	{"status": "ready", "orderId": 26}	t	2026-01-13 19:32:44.409543
149	33446740	Order Completed	Your order #26 from The Shop has been completed. You earned points!	order	{"status": "completed", "orderId": 26}	t	2026-01-13 19:32:45.552954
150	33446740	Order Completed	Your order #26 from The Shop has been completed. You earned points!	order	{"status": "completed", "orderId": 26}	t	2026-01-13 19:32:46.691538
151	33446740	New Order!	You have a new order #27 worth LSL 2.00	order	{"total": "2.00", "orderId": 27}	t	2026-01-13 20:13:36.506832
152	33446740	New Order!	You have a new order #28 worth LSL 2.00	order	{"total": "2.00", "orderId": 28}	t	2026-01-13 20:14:53.69877
153	33446740	Order Accepted	The Shop has accepted your order #28	order	{"status": "accepted", "orderId": 28}	t	2026-01-13 20:15:32.186058
158	52980443	New Service Request!	You have a new service request for "Print"	order	{"serviceName": "Print", "serviceRequestId": 3}	f	2026-01-13 20:23:02.566818
159	52980443	New Service Request!	You have a new service request for "Print"	order	{"serviceName": "Print", "serviceRequestId": 4}	f	2026-01-13 20:26:01.740217
160	52980443	New Service Request!	You have a new service request for "Print please "	order	{"serviceName": "Print please ", "serviceRequestId": 5}	f	2026-01-13 20:34:08.575872
169	53054024	New Service Request!	You have a new service request for "Document printing "	order	{"serviceName": "Document printing ", "serviceRequestId": 6}	f	2026-01-13 20:36:28.186951
154	33446740	Order Being Prepared	The Shop is now preparing your order #28	order	{"status": "preparing", "orderId": 28}	t	2026-01-13 20:15:38.547894
155	33446740	Order Ready!	Your order #28 from The Shop is ready for pickup	order	{"status": "ready", "orderId": 28}	t	2026-01-13 20:15:42.119118
156	33446740	Order Completed	Your order #28 from The Shop has been completed. You earned points!	order	{"status": "completed", "orderId": 28}	t	2026-01-13 20:15:45.571152
157	33446740	Order Accepted	The Shop has accepted your order #27	order	{"status": "accepted", "orderId": 27}	t	2026-01-13 20:18:34.855819
161	33446740	Service Request Updated	Your service request for "Print please " is now accepted	order	{"status": "accepted", "serviceRequestId": 5}	t	2026-01-13 20:34:56.570195
162	33446740	Service Request Updated	Your service request for "Print" is now accepted	order	{"status": "accepted", "serviceRequestId": 4}	t	2026-01-13 20:35:00.029706
163	33446740	Service Request Updated	Your service request for "Print" is now accepted	order	{"status": "accepted", "serviceRequestId": 3}	t	2026-01-13 20:35:01.338784
164	33446740	Service Request Updated	Your service request for "Print" is now accepted	order	{"status": "accepted", "serviceRequestId": 3}	t	2026-01-13 20:35:02.390711
165	33446740	Service Request Updated	Your service request for "Print please " is now in_progress	order	{"status": "in_progress", "serviceRequestId": 5}	t	2026-01-13 20:35:03.16006
166	33446740	Service Request Updated	Your service request for "Print please " is now completed	order	{"status": "completed", "serviceRequestId": 5}	t	2026-01-13 20:35:04.811091
167	33446740	Service Request Updated	Your service request for "Print" is now in_progress	order	{"status": "in_progress", "serviceRequestId": 4}	t	2026-01-13 20:35:06.526674
168	33446740	Service Request Updated	Your service request for "Print" is now completed	order	{"status": "completed", "serviceRequestId": 4}	t	2026-01-13 20:35:08.37787
\.


--
-- Data for Name: notification_preferences; Type: TABLE DATA; Schema: public; Owner: neondb_owner
--

COPY public.notification_preferences (id, user_id, order_updates, promotions, new_vendors, rewards, email_notifications) FROM stdin;
1	33446740	t	t	t	t	t
2	52981647	t	t	t	t	f
3	53052538	t	t	t	t	t
4	53054024	t	t	t	t	f
\.


--
-- Data for Name: order_items; Type: TABLE DATA; Schema: public; Owner: neondb_owner
--

COPY public.order_items (id, order_id, product_id, quantity, price_at_time) FROM stdin;
1	1	1	1	2.00
2	2	2	1	9.00
3	3	1	1	2.00
4	4	1	1	2.00
5	5	2	1	9.00
6	6	1	1	2.00
7	7	1	1	2.00
8	8	2	1	9.00
9	9	1	1	2.00
10	10	1	1	2.00
11	11	1	1	2.00
12	12	1	1	2.00
13	13	1	1	2.00
14	14	1	1	2.00
15	15	1	1	2.00
16	16	1	1	2.00
17	17	1	1	2.00
18	18	2	1	9.00
19	19	1	1	2.00
20	20	1	1	2.00
21	21	1	1	2.00
22	22	2	3	9.00
23	23	3	1	20.00
24	23	1	1	2.00
25	24	2	1	9.00
26	25	3	1	20.00
27	26	1	1	2.00
28	27	1	1	2.00
29	28	1	1	2.00
\.


--
-- Data for Name: orders; Type: TABLE DATA; Schema: public; Owner: neondb_owner
--

COPY public.orders (id, customer_id, vendor_id, status, total_amount, payment_method, created_at, fulfillment_method, delivery_address) FROM stdin;
14	33446740	1	completed	2.00	wallet	2026-01-13 15:08:57.285834	pickup	\N
1	33446740	1	completed	2.00	wallet	2026-01-12 10:32:27.445535	pickup	\N
23	53054024	1	completed	22.00	wallet	2026-01-13 18:29:45.637212	pickup	\N
2	52981647	2	completed	9.00	wallet	2026-01-12 11:39:28.327359	pickup	\N
13	33446740	1	completed	2.00	wallet	2026-01-13 15:08:09.038232	pickup	\N
3	52979755	1	completed	2.00	wallet	2026-01-12 14:32:28.896392	pickup	\N
12	33446740	1	completed	2.00	wallet	2026-01-13 15:00:57.733565	pickup	\N
4	52981647	1	completed	2.00	wallet	2026-01-12 14:41:28.475579	pickup	\N
5	53024213	2	preparing	9.00	wallet	2026-01-13 05:58:35.210984	pickup	\N
15	52980443	1	completed	2.00	wallet	2026-01-13 16:24:09.204033	pickup	\N
10	15520780	1	completed	2.00	wallet	2026-01-13 06:36:58.023339	pickup	\N
26	33446740	1	completed	2.00	wallet	2026-01-13 19:32:28.804266	pickup	\N
16	52980443	1	completed	2.00	wallet	2026-01-13 16:27:26.56755	pickup	\N
17	52980443	1	completed	2.00	wallet	2026-01-13 16:29:18.799103	pickup	\N
9	15520780	1	completed	2.00	wallet	2026-01-13 06:36:34.450954	pickup	\N
28	33446740	1	completed	2.00	wallet	2026-01-13 20:14:53.629165	pickup	\N
27	33446740	1	accepted	2.00	wallet	2026-01-13 20:13:36.418823	pickup	\N
19	53054024	1	completed	2.00	wallet	2026-01-13 18:17:32.005064	pickup	\N
7	15520780	1	completed	2.00	wallet	2026-01-13 06:35:06.848472	pickup	\N
18	52980443	2	completed	9.00	wallet	2026-01-13 16:35:55.291668	pickup	\N
6	15520780	1	completed	2.00	wallet	2026-01-13 06:34:37.065862	pickup	\N
8	15520780	2	completed	9.00	wallet	2026-01-13 06:35:29.061339	pickup	\N
11	33446740	1	completed	2.00	wallet	2026-01-13 14:59:09.188223	pickup	\N
20	53054024	1	completed	2.00	wallet	2026-01-13 18:20:23.855633	pickup	\N
21	53054024	1	completed	2.00	wallet	2026-01-13 18:24:09.874534	pickup	\N
22	53054024	2	completed	27.00	wallet	2026-01-13 18:29:36.583472	pickup	\N
24	53054024	2	completed	9.00	wallet	2026-01-13 18:30:36.403982	pickup	\N
25	52981647	1	completed	20.00	wallet	2026-01-13 18:35:08.747251	delivery	Mafikeng, pela RockVilla
\.


--
-- Data for Name: platform_metrics; Type: TABLE DATA; Schema: public; Owner: neondb_owner
--

COPY public.platform_metrics (id, date, total_orders, total_revenue, total_users, total_vendors, new_users, active_users) FROM stdin;
\.


--
-- Data for Name: product_categories; Type: TABLE DATA; Schema: public; Owner: neondb_owner
--

COPY public.product_categories (id, vendor_id, name, sort_order) FROM stdin;
\.


--
-- Data for Name: products; Type: TABLE DATA; Schema: public; Owner: neondb_owner
--

COPY public.products (id, vendor_id, name, description, price, image_url, prep_time_minutes, is_available, category) FROM stdin;
2	2	Paputs	Comfy	9.00	/objects/uploads/b870f216-ec13-49e3-9921-19974e1ed8c0	2	t	Mains
3	1	Achaar	Nice mango	20.00	/objects/uploads/0b623a71-f64c-4f2c-9ddf-a1d4a25644d0	6	t	Mains
4	3	Papers 	Clean sheets of paper available 	2.00	/objects/uploads/c345521a-0a1d-4ebe-a62a-ed00862643f7	5	t	Mains
5	1	gen f chicken	food i love	20.00	/objects/uploads/94f1d80e-b77c-4a43-954d-0205ed9d5a59	1	t	Specials
6	4	Paper	Paper	1.00	/objects/uploads/caaa644d-33a1-43fa-8833-919e45947587	6	t	Mains
1	1	Iays	Potato chips	2.00	/objects/uploads/56539781-7b26-4ede-8306-3438ee0527f1	10	f	\N
\.


--
-- Data for Name: profiles; Type: TABLE DATA; Schema: public; Owner: neondb_owner
--

COPY public.profiles (id, user_id, role, phone, wallet_balance, loyalty_points, address, bio, profile_image_url, display_name, date_of_birth, is_verified, total_orders) FROM stdin;
2	52979755	customer		0.00	1				Mopei Moletsane		f	1
6	53024213	customer	\N	0.00	0	\N	\N	\N	\N	\N	f	0
7	53052538	customer	\N	0.00	0	\N	I like to own and create things	\N	Moroka	\N	f	0
5	15520780	customer	\N	0.00	8	\N	\N	\N	\N	\N	f	5
4	52981647	vendor	\N	0.00	15	\N	Jesus's boy	\N	Poppito	\N	f	3
8	53054024	vendor	\N	0.00	32	\N	I identify as a goat	\N	Mrk_R	\N	f	6
3	52980443	vendor	+266 6223 5908	0.00	7	Offcamp	Lekhomosha	/objects/uploads/3abdb45c-c173-4be2-969f-2d68c863d87f	Kenny	2003-09-08	f	4
1	33446740	admin	+26662510193	0.00	7	Offcamp	Love me some food	/objects/uploads/c2239cc8-712d-4a01-a7a3-84099882b384	Thaane Moletsane 	2006-02-22	f	7
\.


--
-- Data for Name: promotions; Type: TABLE DATA; Schema: public; Owner: neondb_owner
--

COPY public.promotions (id, name, description, discount_type, discount_value, min_order_amount, code, vendor_id, is_active, starts_at, ends_at, usage_limit, usage_count) FROM stdin;
\.


--
-- Data for Name: push_subscriptions; Type: TABLE DATA; Schema: public; Owner: neondb_owner
--

COPY public.push_subscriptions (id, user_id, endpoint, p256dh, auth, created_at) FROM stdin;
1	52979755	https://fcm.googleapis.com/fcm/send/cVkhAXVQ2-s:APA91bHFM9pxNuqdDRNDakuBz9Pkalq6VxwmEWAZb3w8nPkSj-cT-2OPfVd2g3-RdC1zJ1-hmU0htMUFCyj7Z6Y_-GizsxjF3JLZMvIbNqBb-8pJdIV2yJ1Aw_FuD_GFNLyG5V-TeItU	BECCI2n4V6GDY_-UE5vTy8OA-WQMONBt6ey7DdX4we3_BGEidalu9feD5MwKXoIJlbPtGN9EDW6-TaLnX-wGtxE	EXfY6QvaJJZltWz_yAdB0w	2026-01-12 14:33:33.095283
2	52981647	https://fcm.googleapis.com/fcm/send/eTXVy8UhCiA:APA91bF3yZZb0R5cxzE4BRYqPboEvgQyvSt54RZFpYmc4yP98TBMSKqRXZEjieDSbGu1O0R1eMJv_fKnHm_gAWM3XjUOZ8MNGn-t5X2EIH9UwdCsIwNxMH-t6SI4NslolrOhtYQ5OdQk	BP8Y2GFxM1ODc7ZyyFmm5QnCCSZo6GRkrdalT81VEAIfMh999n88Ukk1i9AZ1aItaY67W9abCEpNMmoRaDuA1e4	m7Ea6goXxsN2wii6Ij-heg	2026-01-12 14:40:59.433871
4	15520780	https://updates.push.services.mozilla.com/wpush/v2/gAAAAABpZedMLkqZE4O23qRKPxlDMLJJFvXgrSQTi1sI0ufVacLgRyycgdHG9lgcHCOtCmeB6VZbqdEAfWF0kzgdN_rRvHfx2EK57ZIVgKbSHTF-2fbBi5sfxRGc_PEvGnEcQj_bK1rlSYrFHc9B3CXKYlASwXMpz3ccr90LBUHuY029GgwZx5U	BIMdBaOU3_SQMIqUx1CeCVBYCGDGbuSWvlIJ-9E_KZakjEK3JnX54kY2xWPii9tUdYnEvWDzpABjqVVIh-tduok	MFY4rt5GXyRpCJRv2nxduA	2026-01-13 06:33:49.378148
8	52980443	https://fcm.googleapis.com/fcm/send/c9v-d2ROeD0:APA91bGWZnDehGB-YMxu2fTMoiVpGI61TQ2VJnJe5pGch2JY45kPIQ4uxnugH3MnJsZLxtF0CLmA4csDHznS4uq_AAxdir1IfyXXcGmbrtTvzU-RTbMPY-NJsxozn3EtgC9ZZFVFPATZ	BMtWKM_0uVRDvjeHNFt_DeMVQbmQNcY8mcDBq1Kxl1LP9DmednJbk_SLX052ehGt6jif1CR65DjiDMyGcm1Su74	v652oBqhd87s2t87MxH4JA	2026-01-13 16:22:36.655664
11	33446740	https://fcm.googleapis.com/fcm/send/e_0D0-tVLDs:APA91bEGdT8v4HOfMSFI7lxwZd9RH7C-m-jCnFJCSMMPvfUOp1y5OwCQeDKovPGtmSlv_lp91g2hPHQr2189zJHvv6DkzC_fyrvOjcGrkU5Dn3eVHaqKitaq6jGX1KSa6qnNmN2QJj2x	BBgLx2z0fXO4RQj7E45T4O_vgyPSFnD78G2prW4wk6BMDhWxhtdLNQEmUEue-yu6wA0nMyAubamD2NrANH5Povs	fZ5lZ68btaLtjAmbwK9CDw	2026-01-13 17:44:52.672999
12	53054024	https://fcm.googleapis.com/fcm/send/eTq_Pjlw1KA:APA91bH2BnYRHOSNe17NIWSmyS8-fKJ-7eFgMAqr3U-5jZ_60bA0SS0he93IRydhXdw11KZ5Oio9SB78B1WjquYyPXfdwOWSjyUDHVXRUTqfBTw1MNWxAOE8bWYgAbQe5Yeca8d7XBiQ	BBza8PjxVLCtt2_m4XN2XFKE3qpl7OXcKSM5WdLnAPLrJ96HGUuN1goe2AW7TRXcaW96denbdhTeYkRTdm5CYCk	IdzYB0PlwO0H1baT7ocy_w	2026-01-13 18:16:35.679411
\.


--
-- Data for Name: redemptions; Type: TABLE DATA; Schema: public; Owner: neondb_owner
--

COPY public.redemptions (id, user_id, reward_id, status, redeemed_at) FROM stdin;
\.


--
-- Data for Name: rewards; Type: TABLE DATA; Schema: public; Owner: neondb_owner
--

COPY public.rewards (id, name, description, points_required, category, image_url, is_active) FROM stdin;
1	Free Coffee	Redeem for any small coffee	500	Drink	\N	t
2	10% Discount	Get 10% off your next meal	1000	Food	\N	t
3	Free Burger	Redeem for a classic burger	2000	Food	\N	t
\.


--
-- Data for Name: saved_addresses; Type: TABLE DATA; Schema: public; Owner: neondb_owner
--

COPY public.saved_addresses (id, user_id, label, address, building, room, instructions, is_default) FROM stdin;
\.


--
-- Data for Name: service_requests; Type: TABLE DATA; Schema: public; Owner: neondb_owner
--

COPY public.service_requests (id, customer_id, vendor_id, service_name, description, attachments, status, quoted_price, notes, created_at, updated_at) FROM stdin;
1	53054024	3	Paper	Printed papers	{}	pending	\N	\N	2026-01-13 19:06:27.686193	2026-01-13 19:06:27.686193
2	53054024	3	Paper 	Printed paper	{}	pending	\N	\N	2026-01-13 19:07:52.976967	2026-01-13 19:07:52.976967
3	33446740	4	Print	Please print this	{/objects/uploads/173c7f7d-4cdf-4394-a009-a13302ae498d}	accepted	\N	\N	2026-01-13 20:23:02.518398	2026-01-13 20:35:02.341
5	33446740	4	Print please 	Document 	{/objects/uploads/89beb6b1-cb9f-4ff0-9c02-b562856cdd9a}	completed	\N	\N	2026-01-13 20:34:08.522875	2026-01-13 20:35:04.762
4	33446740	4	Print	Please let us 	{/objects/uploads/eae61980-975f-4441-9338-5e95b7e9ec60}	completed	\N	\N	2026-01-13 20:26:01.703078	2026-01-13 20:35:08.328
6	33446740	3	Document printing 	Please make 3 copies of this document 	{/objects/uploads/9ec473ba-a209-4113-98eb-d3231acb3df6}	pending	\N	\N	2026-01-13 20:36:28.149099	2026-01-13 20:36:28.149099
\.


--
-- Data for Name: sessions; Type: TABLE DATA; Schema: public; Owner: neondb_owner
--

COPY public.sessions (sid, sess, expire) FROM stdin;
F_A1LRcoiTuEkk6HF1pNfSnVxYOYC2fE	{"cookie": {"path": "/", "secure": true, "expires": "2026-01-20T16:03:13.032Z", "httpOnly": true, "originalMaxAge": 604800000}, "passport": {"user": {"claims": {"aud": "0152d754-6932-4071-a179-87eaa58173c4", "exp": 1768323790, "iat": 1768320190, "iss": "https://replit.com/oidc", "sub": "33446740", "email": "thaanemoletsane@gmail.com", "at_hash": "akiVtKll1j59s6HaD8vxtA", "username": "thaanemoletsane", "auth_time": 1768320189, "last_name": null, "first_name": null}, "expires_at": 1768323790, "access_token": "EpE3latJHucYDsTXwyeXMC4Fwsprd6wXEkzheuvb5TT", "refresh_token": "TJYMSBOyAycEbd-h3OAvH6IsK8wE7FBaIpTQ4qhEEMr"}}}	2026-01-20 16:04:27
heC6FTqPce6R7HqdO9cg9lqXAYdgWowu	{"cookie": {"path": "/", "secure": true, "expires": "2026-01-20T18:31:23.581Z", "httpOnly": true, "originalMaxAge": 604800000}, "replit.com": {"code_verifier": "7lBvblxDWGo4FjQL3HwPhe75p6eXYz2VYp4YhksrGX8"}}	2026-01-20 18:31:24
le8nq9I_PdGqzfVnusbfD91l95t8ZmTF	{"cookie": {"path": "/", "secure": true, "expires": "2026-01-20T05:57:20.072Z", "httpOnly": true, "originalMaxAge": 604800000}, "passport": {"user": {"claims": {"aud": "ce6dc9fb-f738-43f9-ad84-9857054e4c44", "exp": 1768287439, "iat": 1768283839, "iss": "https://replit.com/oidc", "sub": "53024213", "email": "ntlamamapaseka@gmail.com", "at_hash": "CdKWmOyYGn7ZAnrp7ssZ8A", "username": "ntlamamapaseka", "auth_time": 1768283839, "last_name": null, "first_name": null}, "expires_at": 1768287439, "access_token": "9HsFftr_N1RjtzBYulQzMGMw0xXXUXQodA_HAqESKQt", "refresh_token": "nUbROsd3A83rHT3B8CVuF1b5HDXjyRi3JWO1ChGd99T"}}}	2026-01-20 05:58:36
9WJXB4bC3Z2lEL2ayxd1561t_j3_o2s5	{"cookie": {"path": "/", "secure": true, "expires": "2026-01-20T18:08:06.847Z", "httpOnly": true, "originalMaxAge": 604800000}, "passport": {"user": {"claims": {"aud": "22c8446a-ce16-45b5-9fbb-9e079464a929", "exp": 1768331286, "iat": 1768327686, "iss": "https://replit.com/oidc", "sub": "52981647", "email": "donaldmolaoa7@gmail.com", "at_hash": "Df4NUNB3n7QEohX7rV6ZKw", "username": "donaldmolaoa7", "auth_time": 1768327685, "last_name": null, "first_name": null}, "expires_at": 1768331286, "access_token": "aC-IjpoH4HLvIXwmN2sOXQ89Z1mlFrVLzo8-VY61PSL", "refresh_token": "AHwuf3BSROtRXxcOLii1ptKfcZOzx6am5QjGBG0T8pl"}}}	2026-01-20 18:35:10
XFg9OxHNSblq5Hu9cBo0jZah2Lg8YXpj	{"cookie": {"path": "/", "secure": true, "expires": "2026-01-20T05:45:10.543Z", "httpOnly": true, "originalMaxAge": 604800000}, "passport": {"user": {"claims": {"aud": "ce6dc9fb-f738-43f9-ad84-9857054e4c44", "exp": 1768286708, "iat": 1768283108, "iss": "https://replit.com/oidc", "sub": "15520780", "email": "ntokoanephomolo76@gmail.com", "at_hash": "V64J4Kfnpm0AdTefEyXeNQ", "username": "phomoloVandam", "auth_time": 1768283106, "last_name": "Vandam", "first_name": "phomolo"}, "expires_at": 1768286708, "access_token": "Z-JNmHWPF9zbtK3dioonyOtR6tfeJS_79VarZ0eZG9I", "refresh_token": "an-XXbICLpxb9PAAF8KcfqDkW3_9LTCmByQqefB9LGt"}}}	2026-01-20 19:51:19
Nf7yK994QMqEBN9Kqrv43QJj1hHfpX8u	{"cookie": {"path": "/", "secure": true, "expires": "2026-01-20T03:51:51.476Z", "httpOnly": true, "originalMaxAge": 604800000}, "passport": {"user": {"claims": {"aud": "ce6dc9fb-f738-43f9-ad84-9857054e4c44", "exp": 1768279911, "iat": 1768276311, "iss": "https://replit.com/oidc", "sub": "52979755", "email": "mopeimoletsane63@gmail.com", "at_hash": "A-LSEa6pEzS-SenIRFaJCA", "username": "mopeimoletsane6", "auth_time": 1768228338, "last_name": null, "first_name": null}, "expires_at": 1768279911, "access_token": "ridrZHXMsyTi0FBbjTJhOYP17PF_381c1kcoi3sn_Z9", "refresh_token": "pSBeJD-pIii9WVF8xY916W44YHkZ5zsbABF5kQ-znpE"}}}	2026-01-20 03:52:39
DV3co5t8_9Ws2cHeU6lQlbTzc5zHr0DT	{"cookie": {"path": "/", "secure": true, "expires": "2026-01-20T18:18:20.451Z", "httpOnly": true, "originalMaxAge": 604800000}, "passport": {"user": {"claims": {"aud": "22c8446a-ce16-45b5-9fbb-9e079464a929", "exp": 1768330614, "iat": 1768327014, "iss": "https://replit.com/oidc", "sub": "53052538", "email": "rogermokhothu@gmail.com", "at_hash": "2jb-epNwLl3IOJB9yHyUpg", "username": "rogermokhothu", "auth_time": 1768327009, "last_name": null, "first_name": null}, "expires_at": 1768330614, "access_token": "0O9hKWHZY8vlXFfRYIfALftiz6I8O3MrL9UwBd8Ja86", "refresh_token": "cN5468iP4KW7eqzs5FF_-TRKSkkhCd1HrM4j564rOxg"}}, "replit.com": {"code_verifier": "EZceoXPdvy0tLr3MiIWn_7rPg12mD2NXTmZWHm09ZpY"}}	2026-01-20 18:39:41
1pT9YJ9Qoz4HGHvM1HqLHr7T5wetICvg	{"cookie": {"path": "/", "secure": true, "expires": "2026-01-20T14:19:34.292Z", "httpOnly": true, "originalMaxAge": 604800000}, "passport": {"user": {"claims": {"aud": "ce6dc9fb-f738-43f9-ad84-9857054e4c44", "exp": 1768317574, "iat": 1768313974, "iss": "https://replit.com/oidc", "sub": "33446740", "email": "thaanemoletsane@gmail.com", "at_hash": "ksir1DCHjw73Q_nHpLsJFA", "username": "thaanemoletsane", "auth_time": 1768235146, "last_name": null, "first_name": null}, "expires_at": 1768317574, "access_token": "uUgiFQoUMru1D4xCAcsceo0rA3McmcvlhR0AIrxQMkc", "refresh_token": "WvweQntvm70pTP45LEgRDx6su_v02t5KC2IhQqGCge1"}}}	2026-01-20 15:02:17
0TXKgm3Otir9YpFu_DdNXRoXWLzzxgJw	{"cookie": {"path": "/", "secure": true, "expires": "2026-01-20T19:49:17.801Z", "httpOnly": true, "sameSite": "lax", "originalMaxAge": 604800000}, "passport": {"user": {"claims": {"aud": "c32e311d-3b69-4b93-a702-265e75c9814f", "exp": 1768337357, "iat": 1768333757, "iss": "https://replit.com/oidc", "sub": "33446740", "email": "thaanemoletsane@gmail.com", "at_hash": "VW0VZNaV9O6jr8e_NlMgIw", "username": "thaanemoletsane", "auth_time": 1768333754, "last_name": null, "first_name": null}, "expires_at": 1768337357, "access_token": "xvuECR6Mn1ky5lokMmJO5IfieVCpCoxyDoJj8ALSfD6", "refresh_token": "dPI_4xbzBu0rJNzLl54dyWN3ajyk7oCKj2RgwXMCmBl"}}}	2026-01-20 19:51:40
uYgDFhNEiVMVLFI92VockkUDbbilsCNM	{"cookie": {"path": "/", "secure": true, "expires": "2026-01-20T15:05:06.837Z", "httpOnly": true, "originalMaxAge": 604800000}, "passport": {"user": {"claims": {"aud": "844ab068-e405-4f56-9e0f-5d1b7e5c51cb", "exp": 1768320306, "iat": 1768316706, "iss": "https://replit.com/oidc", "sub": "33446740", "email": "thaanemoletsane@gmail.com", "at_hash": "Zo3QJSvg-JRSJmdMs8NLBQ", "username": "thaanemoletsane", "auth_time": 1768316705, "last_name": null, "first_name": null}, "expires_at": 1768320306, "access_token": "A8aqtC1_46GHVdU5UTdivQ8WuUnYwNzn1CpGvXwn4xr", "refresh_token": "JGEEPCPs1b44myFSXdOu6MzH8nfdNXqZit4khkIuiVn"}}}	2026-01-20 15:44:08
EyzHm5e3l6YxWL61tW1Vl74bPmLO3yUi	{"cookie": {"path": "/", "secure": true, "expires": "2026-01-20T19:36:02.728Z", "httpOnly": true, "originalMaxAge": 604800000}}	2026-01-20 19:36:03
urxLhE90weM-kcIEZZl03NIvr0ejXlKV	{"cookie": {"path": "/", "secure": true, "expires": "2026-01-20T20:11:13.929Z", "httpOnly": true, "sameSite": "lax", "originalMaxAge": 604800000}, "passport": {"user": {"claims": {"aud": "888b79d7-9266-43aa-aa94-f07bc3b1dc8c", "exp": 1768338673, "iat": 1768335073, "iss": "https://replit.com/oidc", "sub": "33446740", "email": "thaanemoletsane@gmail.com", "at_hash": "FYHdP2YXx0dXHBrS6HxHkw", "username": "thaanemoletsane", "auth_time": 1768335072, "last_name": null, "first_name": null}, "expires_at": 1768338673, "access_token": "ca1xDJLMqRDkAIbYjBbNjERbqMIZYQprwyXGf8AVJp_", "refresh_token": "5-GDnfC9ispU7Jq_q-Y-UKy-_SgB16E4gFTOEhoHfEy"}}}	2026-01-20 21:05:18
K928A8V55arawylx7ShPX8-5W4P9Lg7v	{"cookie": {"path": "/", "secure": true, "expires": "2026-01-20T19:36:14.897Z", "httpOnly": true, "originalMaxAge": 604800000}, "passport": {"user": {"claims": {"aud": "22c8446a-ce16-45b5-9fbb-9e079464a929", "exp": 1768336572, "iat": 1768332972, "iss": "https://replit.com/oidc", "sub": "33446740", "email": "thaanemoletsane@gmail.com", "at_hash": "cST7riKFuzOIiu0ypSYECw", "username": "thaanemoletsane", "auth_time": 1768332971, "last_name": null, "first_name": null}, "expires_at": 1768336572, "access_token": "V8Z6Ugf1-LECX5H_mxpjlIlShcq4HTq_LwiOGO8FyFt", "refresh_token": "zfwf4ftz5X102YGM0y4FLoYQUW7JRkbglWqX_uXylwz"}}}	2026-01-20 19:46:50
yV-tsLHBckP6JbEDQlknT2Whg61QIDKn	{"cookie": {"path": "/", "secure": true, "expires": "2026-01-20T19:58:36.553Z", "httpOnly": true, "sameSite": "lax", "originalMaxAge": 604800000}, "passport": {"user": {"claims": {"aud": "888b79d7-9266-43aa-aa94-f07bc3b1dc8c", "exp": 1768337916, "iat": 1768334316, "iss": "https://replit.com/oidc", "sub": "52980443", "email": "kenenemoletsane12@gmail.com", "at_hash": "ftmjaamiChTbrfra4wvKyA", "username": "kenenemoletsane", "auth_time": 1768334315, "last_name": null, "first_name": null}, "expires_at": 1768337916, "access_token": "0IZngBdkTo2MUoPryw87UH_UvLVPnHoa5RXUfUx5Bad", "refresh_token": "py9BfAEk955zhPCD9ihuD1zq0sa_eELJTBkU4sYawxn"}}}	2026-01-20 20:35:13
PhtN7Sht8bvdc3UoLjdevii-UBfYycs-	{"cookie": {"path": "/", "secure": true, "expires": "2026-01-20T18:14:34.723Z", "httpOnly": true, "originalMaxAge": 604800000}, "passport": {"user": {"claims": {"aud": "22c8446a-ce16-45b5-9fbb-9e079464a929", "exp": 1768331674, "iat": 1768328074, "iss": "https://replit.com/oidc", "sub": "53054024", "email": "rolandprimefx@gmail.com", "at_hash": "Bovi5yjhIKVAkaiVnDqSwQ", "username": "rolandprimefx", "auth_time": 1768328073, "last_name": null, "first_name": null}, "expires_at": 1768331674, "access_token": "Ukh91hgGK-t7KeGPWAJKKW4fb0zjIyuWzrVRJOmDDvW", "refresh_token": "N83ztW4T1s9IJh9zuLDJmYK30uT_NaX3psujn_t0kcV"}}}	2026-01-20 19:13:25
\.


--
-- Data for Name: users; Type: TABLE DATA; Schema: public; Owner: neondb_owner
--

COPY public.users (id, email, first_name, last_name, profile_image_url, created_at, updated_at) FROM stdin;
52979755	mopeimoletsane63@gmail.com	\N	\N	\N	2026-01-12 10:20:57.62597	2026-01-12 14:32:19.279
15520780	ntokoanephomolo76@gmail.com	phomolo	Vandam	\N	2026-01-13 05:45:10.434968	2026-01-13 05:45:10.434968
53024213	ntlamamapaseka@gmail.com	\N	\N	\N	2026-01-13 05:57:07.307079	2026-01-13 05:57:19.772
53052538	rogermokhothu@gmail.com	\N	\N	\N	2026-01-13 17:56:54.987688	2026-01-13 17:56:54.987688
52981647	donaldmolaoa7@gmail.com	\N	\N	\N	2026-01-12 11:11:04.911079	2026-01-13 18:08:06.515
53054024	rolandprimefx@gmail.com	\N	\N	\N	2026-01-13 18:14:34.628735	2026-01-13 18:14:34.628735
52980443	kenenemoletsane12@gmail.com	\N	\N	\N	2026-01-12 10:39:40.655073	2026-01-13 19:58:36.25
33446740	thaanemoletsane@gmail.com	\N	\N	\N	2026-01-12 10:12:55.810511	2026-01-13 20:11:13.629
\.


--
-- Data for Name: vendor_applications; Type: TABLE DATA; Schema: public; Owner: neondb_owner
--

COPY public.vendor_applications (id, user_id, business_name, business_type, description, location, phone, email, logo_url, status, rejection_reason, submitted_at, reviewed_at, reviewed_by, vendor_type, custom_business_type, tags) FROM stdin;
1	33446740	The Shop	food	We sell food and beverages 	Next to boitjaro	+26662510193	a1serviceslesotho@gmail.com	\N	approved	\N	2026-01-12 10:30:30.601381	2026-01-12 10:30:45.884	33446740	product	\N	\N
2	52981647	Print 'n Pay	print	Not your regular printer 	FTF	+266 63052546	donaldmolaoa7@gmail.com	\N	approved	\N	2026-01-12 11:29:03.315974	2026-01-12 11:30:59.572	33446740	product	\N	\N
3	53054024	Primetag	print	I print paper and copy them	Netherland	+26658962150	roleyy77@gmail.com	\N	approved	\N	2026-01-13 18:33:26.371146	2026-01-13 18:33:46.187	33446740	service	Print	{Print}
4	52980443	Weprint	print	We print	Offcamp usavw	+266 6223 5908	kenenemoletsane12@gmail.com	\N	approved	\N	2026-01-13 19:59:37.625888	2026-01-13 19:59:59.468	33446740	service		{Print}
\.


--
-- Data for Name: vendor_categories; Type: TABLE DATA; Schema: public; Owner: neondb_owner
--

COPY public.vendor_categories (id, name, icon, color, sort_order) FROM stdin;
1	Food		orange	1
2	Coffee		brown	2
3	Groceries		green	3
4	Services		blue	4
5	Print		gray	5
6	Fashion		purple	6
\.


--
-- Data for Name: vendor_hours; Type: TABLE DATA; Schema: public; Owner: neondb_owner
--

COPY public.vendor_hours (id, vendor_id, day_of_week, open_time, close_time, is_closed) FROM stdin;
\.


--
-- Data for Name: vendors; Type: TABLE DATA; Schema: public; Owner: neondb_owner
--

COPY public.vendors (id, owner_id, name, description, location, image_url, is_open, commission_rate, category_id, cover_image_url, rating, delivery_time, is_featured, vendor_type, custom_business_type, tags, portfolio_images, offers_pickup, offers_delivery) FROM stdin;
3	53054024	Primetag	I print paper and copy them	Netherland		t	5.00	\N	\N	4.5	15-25 min	t	service	Print	{Print}	\N	t	f
4	52980443	Weprint	We print	Offcamp usavw		t	5.00	\N	\N	4.5	15-25 min	f	service	\N	{Print}	\N	t	f
2	52981647	Print 'n Pay	Not your regular printer 	FTF	/objects/uploads/fc061517-6151-4650-a562-fd00ab6adde7	t	5.00	\N	/objects/uploads/8913142d-56a9-423f-8a64-71b0f659080a	4.5	15-25 min	t	product	\N	\N	\N	t	f
1	33446740	The Shop	We sell food and beverages 	Next to boitjaro	/objects/uploads/304b253d-18b0-4260-b251-21a4c0ca56ea	t	5.00	\N	/objects/uploads/930d80a8-9553-45ed-8dba-f653ee14a7da	4.5	15-25 min	f	product	\N	\N	\N	t	t
\.


--
-- Data for Name: _managed_webhooks; Type: TABLE DATA; Schema: stripe; Owner: neondb_owner
--

COPY stripe._managed_webhooks (id, object, url, enabled_events, description, enabled, livemode, metadata, secret, status, api_version, created, updated_at, last_synced_at, account_id) FROM stdin;
\.


--
-- Data for Name: _migrations; Type: TABLE DATA; Schema: stripe; Owner: neondb_owner
--

COPY stripe._migrations (id, name, hash, executed_at) FROM stdin;
0	initial_migration	c18983eedaa79cc2f6d92727d70c4f772256ef3d	2026-01-12 10:12:32.076208
1	products	b99ffc23df668166b94156f438bfa41818d4e80c	2026-01-12 10:12:32.475711
2	customers	33e481247ddc217f4e27ad10dfe5430097981670	2026-01-12 10:12:33.475376
3	prices	7d5ff35640651606cc24cec8a73ff7c02492ecdf	2026-01-12 10:12:34.175337
4	subscriptions	2cc6121a943c2a623c604e5ab12118a57a6c329a	2026-01-12 10:12:34.475451
5	invoices	7fbb4ccb4ed76a830552520739aaa163559771b1	2026-01-12 10:12:34.975479
6	charges	fb284ed969f033f5ce19f479b7a7e27871bddf09	2026-01-12 10:12:35.275569
7	coupons	7ed6ec4133f120675fd7888c0477b6281743fede	2026-01-12 10:12:35.418419
8	disputes	29bdb083725efe84252647f043f5f91cd0dabf43	2026-01-12 10:12:35.54787
9	events	b28cb55b5b69a9f52ef519260210cd76eea3c84e	2026-01-12 10:12:35.677953
10	payouts	69d1050b88bba1024cea4a671f9633ce7bfe25ff	2026-01-12 10:12:35.875535
11	plans	fc1ae945e86d1222a59cbcd3ae7e81a3a282a60c	2026-01-12 10:12:36.107768
12	add_updated_at	1d80945ef050a17a26e35e9983a58178262470f2	2026-01-12 10:12:36.237352
13	add_subscription_items	2aa63409bfe910add833155ad7468cdab844e0f1	2026-01-12 10:12:36.412688
14	migrate_subscription_items	8c2a798b44a8a0d83ede6f50ea7113064ecc1807	2026-01-12 10:12:36.575676
15	add_customer_deleted	6886ddfd8c129d3c4b39b59519f92618b397b395	2026-01-12 10:12:36.77563
16	add_invoice_indexes	d6bb9a09d5bdf580986ed14f55db71227a4d356d	2026-01-12 10:12:37.007775
17	drop_charges_unavailable_columns	61cd5adec4ae2c308d2c33d1b0ed203c7d074d6a	2026-01-12 10:12:37.275842
18	setup_intents	1d45d0fa47fc145f636c9e3c1ea692417fbb870d	2026-01-12 10:12:37.509565
19	payment_methods	705bdb15b50f1a97260b4f243008b8a34d23fb09	2026-01-12 10:12:37.713564
20	disputes_payment_intent_created_idx	18b2cecd7c097a7ea3b3f125f228e8790288d5ca	2026-01-12 10:12:37.907767
21	payment_intent	b1f194ff521b373c4c7cf220c0feadc253ebff0b	2026-01-12 10:12:38.033986
22	adjust_plans	e4eae536b0bc98ee14d78e818003952636ee877c	2026-01-12 10:12:38.165717
23	invoice_deleted	78e864c3146174fee7d08f05226b02d931d5b2ae	2026-01-12 10:12:38.290859
24	subscription_schedules	85fa6adb3815619bb17e1dafb00956ff548f7332	2026-01-12 10:12:38.475814
25	tax_ids	3f9a1163533f9e60a53d61dae5e451ab937584d9	2026-01-12 10:12:38.775962
26	credit_notes	e099b6b04ee607ee868d82af5193373c3fc266d2	2026-01-12 10:12:38.976066
27	add_marketing_features_to_products	6ed1774b0a9606c5937b2385d61057408193e8a7	2026-01-12 10:12:39.476043
28	early_fraud_warning	e615b0b73fa13d3b0508a1956d496d516f0ebf40	2026-01-12 10:12:39.775977
29	reviews	dd3f914139725a7934dc1062de4cc05aece77aea	2026-01-12 10:12:40.076024
30	refunds	f76c4e273eccdc96616424d73967a9bea3baac4e	2026-01-12 10:12:40.291816
31	add_default_price	6d10566a68bc632831fa25332727d8ff842caec5	2026-01-12 10:12:40.428932
32	update_subscription_items	e894858d46840ba4be5ea093cdc150728bd1d66f	2026-01-12 10:12:40.552624
33	add_last_synced_at	43124eb65b18b70c54d57d2b4fcd5dae718a200f	2026-01-12 10:12:40.678059
34	remove_foreign_keys	e72ec19f3232cf6e6b7308ebab80341c2341745f	2026-01-12 10:12:40.80781
35	checkout_sessions	dc294f5bb1a4d613be695160b38a714986800a75	2026-01-12 10:12:41.076182
36	checkout_session_line_items	82c8cfce86d68db63a9fa8de973bfe60c91342dd	2026-01-12 10:12:41.376234
37	add_features	c68a2c2b7e3808eed28c8828b2ffd3a2c9bf2bd4	2026-01-12 10:12:41.609255
38	active_entitlement	5b3858e7a52212b01e7f338cf08e29767ab362af	2026-01-12 10:12:41.876272
39	add_paused_to_subscription_status	09012b5d128f6ba25b0c8f69a1203546cf1c9f10	2026-01-12 10:12:42.108301
40	managed_webhooks	1d453dfd0e27ff0c2de97955c4ec03919af0af7f	2026-01-12 10:12:42.476402
41	rename_managed_webhooks	ad7cd1e4971a50790bf997cd157f3403d294484f	2026-01-12 10:12:42.717939
42	convert_to_jsonb_generated_columns	e0703a0e5cd9d97db53d773ada1983553e37813c	2026-01-12 10:12:43.076757
43	add_account_id	9a6beffdd0972e3657b7118b2c5001be1f815faf	2026-01-12 10:12:49.775127
44	make_account_id_required	05c1e9145220e905e0c1ca5329851acaf7e9e506	2026-01-12 10:12:51.875103
45	sync_status	2f88c4883fa885a6eaa23b8b02da958ca77a1c21	2026-01-12 10:12:52.175169
46	sync_status_per_account	b1f1f3d4fdb4b4cf4e489d4b195c7f0f97f9f27c	2026-01-12 10:12:52.375437
47	api_key_hashes	8046e4c57544b8eae277b057d201a28a4529ffe3	2026-01-12 10:12:52.708211
48	rename_reserved_columns	e32290f655550ed308a7f2dcb5b0114e49a0558e	2026-01-12 10:12:52.975309
49	remove_redundant_underscores_from_metadata_tables	96d6f3a54e17d8e19abd022a030a95a6161bf73e	2026-01-12 10:12:57.39605
50	rename_id_to_match_stripe_api	c5300c5a10081c033dab9961f4e3cd6a2440c2b6	2026-01-12 10:12:57.565228
51	remove_webhook_uuid	289bee08167858dbf4d04ca184f42681660ebb66	2026-01-12 10:12:58.314189
52	webhook_url_uniqueness	d02aec1815ce3a108b8a1def1ff24e865b26db70	2026-01-12 10:12:58.441484
\.


--
-- Data for Name: _sync_status; Type: TABLE DATA; Schema: stripe; Owner: neondb_owner
--

COPY stripe._sync_status (id, resource, status, last_synced_at, last_incremental_cursor, error_message, updated_at, account_id) FROM stdin;
\.


--
-- Data for Name: accounts; Type: TABLE DATA; Schema: stripe; Owner: neondb_owner
--

COPY stripe.accounts (_raw_data, first_synced_at, _last_synced_at, _updated_at, api_key_hashes) FROM stdin;
\.


--
-- Data for Name: active_entitlements; Type: TABLE DATA; Schema: stripe; Owner: neondb_owner
--

COPY stripe.active_entitlements (_updated_at, _last_synced_at, _raw_data, _account_id) FROM stdin;
\.


--
-- Data for Name: charges; Type: TABLE DATA; Schema: stripe; Owner: neondb_owner
--

COPY stripe.charges (_updated_at, _last_synced_at, _raw_data, _account_id) FROM stdin;
\.


--
-- Data for Name: checkout_session_line_items; Type: TABLE DATA; Schema: stripe; Owner: neondb_owner
--

COPY stripe.checkout_session_line_items (_updated_at, _last_synced_at, _raw_data, _account_id) FROM stdin;
\.


--
-- Data for Name: checkout_sessions; Type: TABLE DATA; Schema: stripe; Owner: neondb_owner
--

COPY stripe.checkout_sessions (_updated_at, _last_synced_at, _raw_data, _account_id) FROM stdin;
\.


--
-- Data for Name: coupons; Type: TABLE DATA; Schema: stripe; Owner: neondb_owner
--

COPY stripe.coupons (_updated_at, _last_synced_at, _raw_data) FROM stdin;
\.


--
-- Data for Name: credit_notes; Type: TABLE DATA; Schema: stripe; Owner: neondb_owner
--

COPY stripe.credit_notes (_last_synced_at, _raw_data, _account_id) FROM stdin;
\.


--
-- Data for Name: customers; Type: TABLE DATA; Schema: stripe; Owner: neondb_owner
--

COPY stripe.customers (_updated_at, _last_synced_at, _raw_data, _account_id) FROM stdin;
\.


--
-- Data for Name: disputes; Type: TABLE DATA; Schema: stripe; Owner: neondb_owner
--

COPY stripe.disputes (_updated_at, _last_synced_at, _raw_data, _account_id) FROM stdin;
\.


--
-- Data for Name: early_fraud_warnings; Type: TABLE DATA; Schema: stripe; Owner: neondb_owner
--

COPY stripe.early_fraud_warnings (_updated_at, _last_synced_at, _raw_data, _account_id) FROM stdin;
\.


--
-- Data for Name: events; Type: TABLE DATA; Schema: stripe; Owner: neondb_owner
--

COPY stripe.events (_updated_at, _last_synced_at, _raw_data) FROM stdin;
\.


--
-- Data for Name: features; Type: TABLE DATA; Schema: stripe; Owner: neondb_owner
--

COPY stripe.features (_updated_at, _last_synced_at, _raw_data, _account_id) FROM stdin;
\.


--
-- Data for Name: invoices; Type: TABLE DATA; Schema: stripe; Owner: neondb_owner
--

COPY stripe.invoices (_updated_at, _last_synced_at, _raw_data, _account_id) FROM stdin;
\.


--
-- Data for Name: payment_intents; Type: TABLE DATA; Schema: stripe; Owner: neondb_owner
--

COPY stripe.payment_intents (_last_synced_at, _raw_data, _account_id) FROM stdin;
\.


--
-- Data for Name: payment_methods; Type: TABLE DATA; Schema: stripe; Owner: neondb_owner
--

COPY stripe.payment_methods (_last_synced_at, _raw_data, _account_id) FROM stdin;
\.


--
-- Data for Name: payouts; Type: TABLE DATA; Schema: stripe; Owner: neondb_owner
--

COPY stripe.payouts (_updated_at, _last_synced_at, _raw_data) FROM stdin;
\.


--
-- Data for Name: plans; Type: TABLE DATA; Schema: stripe; Owner: neondb_owner
--

COPY stripe.plans (_updated_at, _last_synced_at, _raw_data, _account_id) FROM stdin;
\.


--
-- Data for Name: prices; Type: TABLE DATA; Schema: stripe; Owner: neondb_owner
--

COPY stripe.prices (_updated_at, _last_synced_at, _raw_data, _account_id) FROM stdin;
\.


--
-- Data for Name: products; Type: TABLE DATA; Schema: stripe; Owner: neondb_owner
--

COPY stripe.products (_updated_at, _last_synced_at, _raw_data, _account_id) FROM stdin;
\.


--
-- Data for Name: refunds; Type: TABLE DATA; Schema: stripe; Owner: neondb_owner
--

COPY stripe.refunds (_updated_at, _last_synced_at, _raw_data, _account_id) FROM stdin;
\.


--
-- Data for Name: reviews; Type: TABLE DATA; Schema: stripe; Owner: neondb_owner
--

COPY stripe.reviews (_updated_at, _last_synced_at, _raw_data, _account_id) FROM stdin;
\.


--
-- Data for Name: setup_intents; Type: TABLE DATA; Schema: stripe; Owner: neondb_owner
--

COPY stripe.setup_intents (_last_synced_at, _raw_data, _account_id) FROM stdin;
\.


--
-- Data for Name: subscription_items; Type: TABLE DATA; Schema: stripe; Owner: neondb_owner
--

COPY stripe.subscription_items (_last_synced_at, _raw_data, _account_id) FROM stdin;
\.


--
-- Data for Name: subscription_schedules; Type: TABLE DATA; Schema: stripe; Owner: neondb_owner
--

COPY stripe.subscription_schedules (_last_synced_at, _raw_data, _account_id) FROM stdin;
\.


--
-- Data for Name: subscriptions; Type: TABLE DATA; Schema: stripe; Owner: neondb_owner
--

COPY stripe.subscriptions (_updated_at, _last_synced_at, _raw_data, _account_id) FROM stdin;
\.


--
-- Data for Name: tax_ids; Type: TABLE DATA; Schema: stripe; Owner: neondb_owner
--

COPY stripe.tax_ids (_last_synced_at, _raw_data, _account_id) FROM stdin;
\.


--
-- Name: replit_database_migrations_v1_id_seq; Type: SEQUENCE SET; Schema: _system; Owner: neondb_owner
--

SELECT pg_catalog.setval('_system.replit_database_migrations_v1_id_seq', 3, true);


--
-- Name: in_app_notifications_id_seq; Type: SEQUENCE SET; Schema: public; Owner: neondb_owner
--

SELECT pg_catalog.setval('public.in_app_notifications_id_seq', 169, true);


--
-- Name: notification_preferences_id_seq; Type: SEQUENCE SET; Schema: public; Owner: neondb_owner
--

SELECT pg_catalog.setval('public.notification_preferences_id_seq', 4, true);


--
-- Name: order_items_id_seq; Type: SEQUENCE SET; Schema: public; Owner: neondb_owner
--

SELECT pg_catalog.setval('public.order_items_id_seq', 29, true);


--
-- Name: orders_id_seq; Type: SEQUENCE SET; Schema: public; Owner: neondb_owner
--

SELECT pg_catalog.setval('public.orders_id_seq', 28, true);


--
-- Name: platform_metrics_id_seq; Type: SEQUENCE SET; Schema: public; Owner: neondb_owner
--

SELECT pg_catalog.setval('public.platform_metrics_id_seq', 1, false);


--
-- Name: product_categories_id_seq; Type: SEQUENCE SET; Schema: public; Owner: neondb_owner
--

SELECT pg_catalog.setval('public.product_categories_id_seq', 1, false);


--
-- Name: products_id_seq; Type: SEQUENCE SET; Schema: public; Owner: neondb_owner
--

SELECT pg_catalog.setval('public.products_id_seq', 6, true);


--
-- Name: profiles_id_seq; Type: SEQUENCE SET; Schema: public; Owner: neondb_owner
--

SELECT pg_catalog.setval('public.profiles_id_seq', 8, true);


--
-- Name: promotions_id_seq; Type: SEQUENCE SET; Schema: public; Owner: neondb_owner
--

SELECT pg_catalog.setval('public.promotions_id_seq', 1, false);


--
-- Name: push_subscriptions_id_seq; Type: SEQUENCE SET; Schema: public; Owner: neondb_owner
--

SELECT pg_catalog.setval('public.push_subscriptions_id_seq', 12, true);


--
-- Name: redemptions_id_seq; Type: SEQUENCE SET; Schema: public; Owner: neondb_owner
--

SELECT pg_catalog.setval('public.redemptions_id_seq', 1, false);


--
-- Name: rewards_id_seq; Type: SEQUENCE SET; Schema: public; Owner: neondb_owner
--

SELECT pg_catalog.setval('public.rewards_id_seq', 3, true);


--
-- Name: saved_addresses_id_seq; Type: SEQUENCE SET; Schema: public; Owner: neondb_owner
--

SELECT pg_catalog.setval('public.saved_addresses_id_seq', 1, false);


--
-- Name: service_requests_id_seq; Type: SEQUENCE SET; Schema: public; Owner: neondb_owner
--

SELECT pg_catalog.setval('public.service_requests_id_seq', 6, true);


--
-- Name: vendor_applications_id_seq; Type: SEQUENCE SET; Schema: public; Owner: neondb_owner
--

SELECT pg_catalog.setval('public.vendor_applications_id_seq', 4, true);


--
-- Name: vendor_categories_id_seq; Type: SEQUENCE SET; Schema: public; Owner: neondb_owner
--

SELECT pg_catalog.setval('public.vendor_categories_id_seq', 6, true);


--
-- Name: vendor_hours_id_seq; Type: SEQUENCE SET; Schema: public; Owner: neondb_owner
--

SELECT pg_catalog.setval('public.vendor_hours_id_seq', 1, false);


--
-- Name: vendors_id_seq; Type: SEQUENCE SET; Schema: public; Owner: neondb_owner
--

SELECT pg_catalog.setval('public.vendors_id_seq', 4, true);


--
-- Name: _sync_status_id_seq; Type: SEQUENCE SET; Schema: stripe; Owner: neondb_owner
--

SELECT pg_catalog.setval('stripe._sync_status_id_seq', 1, false);


--
-- Name: replit_database_migrations_v1 replit_database_migrations_v1_pkey; Type: CONSTRAINT; Schema: _system; Owner: neondb_owner
--

ALTER TABLE ONLY _system.replit_database_migrations_v1
    ADD CONSTRAINT replit_database_migrations_v1_pkey PRIMARY KEY (id);


--
-- Name: in_app_notifications in_app_notifications_pkey; Type: CONSTRAINT; Schema: public; Owner: neondb_owner
--

ALTER TABLE ONLY public.in_app_notifications
    ADD CONSTRAINT in_app_notifications_pkey PRIMARY KEY (id);


--
-- Name: notification_preferences notification_preferences_pkey; Type: CONSTRAINT; Schema: public; Owner: neondb_owner
--

ALTER TABLE ONLY public.notification_preferences
    ADD CONSTRAINT notification_preferences_pkey PRIMARY KEY (id);


--
-- Name: notification_preferences notification_preferences_user_id_unique; Type: CONSTRAINT; Schema: public; Owner: neondb_owner
--

ALTER TABLE ONLY public.notification_preferences
    ADD CONSTRAINT notification_preferences_user_id_unique UNIQUE (user_id);


--
-- Name: order_items order_items_pkey; Type: CONSTRAINT; Schema: public; Owner: neondb_owner
--

ALTER TABLE ONLY public.order_items
    ADD CONSTRAINT order_items_pkey PRIMARY KEY (id);


--
-- Name: orders orders_pkey; Type: CONSTRAINT; Schema: public; Owner: neondb_owner
--

ALTER TABLE ONLY public.orders
    ADD CONSTRAINT orders_pkey PRIMARY KEY (id);


--
-- Name: platform_metrics platform_metrics_pkey; Type: CONSTRAINT; Schema: public; Owner: neondb_owner
--

ALTER TABLE ONLY public.platform_metrics
    ADD CONSTRAINT platform_metrics_pkey PRIMARY KEY (id);


--
-- Name: product_categories product_categories_pkey; Type: CONSTRAINT; Schema: public; Owner: neondb_owner
--

ALTER TABLE ONLY public.product_categories
    ADD CONSTRAINT product_categories_pkey PRIMARY KEY (id);


--
-- Name: products products_pkey; Type: CONSTRAINT; Schema: public; Owner: neondb_owner
--

ALTER TABLE ONLY public.products
    ADD CONSTRAINT products_pkey PRIMARY KEY (id);


--
-- Name: profiles profiles_pkey; Type: CONSTRAINT; Schema: public; Owner: neondb_owner
--

ALTER TABLE ONLY public.profiles
    ADD CONSTRAINT profiles_pkey PRIMARY KEY (id);


--
-- Name: profiles profiles_user_id_unique; Type: CONSTRAINT; Schema: public; Owner: neondb_owner
--

ALTER TABLE ONLY public.profiles
    ADD CONSTRAINT profiles_user_id_unique UNIQUE (user_id);


--
-- Name: promotions promotions_code_unique; Type: CONSTRAINT; Schema: public; Owner: neondb_owner
--

ALTER TABLE ONLY public.promotions
    ADD CONSTRAINT promotions_code_unique UNIQUE (code);


--
-- Name: promotions promotions_pkey; Type: CONSTRAINT; Schema: public; Owner: neondb_owner
--

ALTER TABLE ONLY public.promotions
    ADD CONSTRAINT promotions_pkey PRIMARY KEY (id);


--
-- Name: push_subscriptions push_subscriptions_endpoint_unique; Type: CONSTRAINT; Schema: public; Owner: neondb_owner
--

ALTER TABLE ONLY public.push_subscriptions
    ADD CONSTRAINT push_subscriptions_endpoint_unique UNIQUE (endpoint);


--
-- Name: push_subscriptions push_subscriptions_pkey; Type: CONSTRAINT; Schema: public; Owner: neondb_owner
--

ALTER TABLE ONLY public.push_subscriptions
    ADD CONSTRAINT push_subscriptions_pkey PRIMARY KEY (id);


--
-- Name: redemptions redemptions_pkey; Type: CONSTRAINT; Schema: public; Owner: neondb_owner
--

ALTER TABLE ONLY public.redemptions
    ADD CONSTRAINT redemptions_pkey PRIMARY KEY (id);


--
-- Name: rewards rewards_pkey; Type: CONSTRAINT; Schema: public; Owner: neondb_owner
--

ALTER TABLE ONLY public.rewards
    ADD CONSTRAINT rewards_pkey PRIMARY KEY (id);


--
-- Name: saved_addresses saved_addresses_pkey; Type: CONSTRAINT; Schema: public; Owner: neondb_owner
--

ALTER TABLE ONLY public.saved_addresses
    ADD CONSTRAINT saved_addresses_pkey PRIMARY KEY (id);


--
-- Name: service_requests service_requests_pkey; Type: CONSTRAINT; Schema: public; Owner: neondb_owner
--

ALTER TABLE ONLY public.service_requests
    ADD CONSTRAINT service_requests_pkey PRIMARY KEY (id);


--
-- Name: sessions sessions_pkey; Type: CONSTRAINT; Schema: public; Owner: neondb_owner
--

ALTER TABLE ONLY public.sessions
    ADD CONSTRAINT sessions_pkey PRIMARY KEY (sid);


--
-- Name: users users_email_unique; Type: CONSTRAINT; Schema: public; Owner: neondb_owner
--

ALTER TABLE ONLY public.users
    ADD CONSTRAINT users_email_unique UNIQUE (email);


--
-- Name: users users_pkey; Type: CONSTRAINT; Schema: public; Owner: neondb_owner
--

ALTER TABLE ONLY public.users
    ADD CONSTRAINT users_pkey PRIMARY KEY (id);


--
-- Name: vendor_applications vendor_applications_pkey; Type: CONSTRAINT; Schema: public; Owner: neondb_owner
--

ALTER TABLE ONLY public.vendor_applications
    ADD CONSTRAINT vendor_applications_pkey PRIMARY KEY (id);


--
-- Name: vendor_categories vendor_categories_name_unique; Type: CONSTRAINT; Schema: public; Owner: neondb_owner
--

ALTER TABLE ONLY public.vendor_categories
    ADD CONSTRAINT vendor_categories_name_unique UNIQUE (name);


--
-- Name: vendor_categories vendor_categories_pkey; Type: CONSTRAINT; Schema: public; Owner: neondb_owner
--

ALTER TABLE ONLY public.vendor_categories
    ADD CONSTRAINT vendor_categories_pkey PRIMARY KEY (id);


--
-- Name: vendor_hours vendor_hours_pkey; Type: CONSTRAINT; Schema: public; Owner: neondb_owner
--

ALTER TABLE ONLY public.vendor_hours
    ADD CONSTRAINT vendor_hours_pkey PRIMARY KEY (id);


--
-- Name: vendors vendors_pkey; Type: CONSTRAINT; Schema: public; Owner: neondb_owner
--

ALTER TABLE ONLY public.vendors
    ADD CONSTRAINT vendors_pkey PRIMARY KEY (id);


--
-- Name: _migrations _migrations_name_key; Type: CONSTRAINT; Schema: stripe; Owner: neondb_owner
--

ALTER TABLE ONLY stripe._migrations
    ADD CONSTRAINT _migrations_name_key UNIQUE (name);


--
-- Name: _migrations _migrations_pkey; Type: CONSTRAINT; Schema: stripe; Owner: neondb_owner
--

ALTER TABLE ONLY stripe._migrations
    ADD CONSTRAINT _migrations_pkey PRIMARY KEY (id);


--
-- Name: _sync_status _sync_status_pkey; Type: CONSTRAINT; Schema: stripe; Owner: neondb_owner
--

ALTER TABLE ONLY stripe._sync_status
    ADD CONSTRAINT _sync_status_pkey PRIMARY KEY (id);


--
-- Name: _sync_status _sync_status_resource_account_key; Type: CONSTRAINT; Schema: stripe; Owner: neondb_owner
--

ALTER TABLE ONLY stripe._sync_status
    ADD CONSTRAINT _sync_status_resource_account_key UNIQUE (resource, account_id);


--
-- Name: accounts accounts_pkey; Type: CONSTRAINT; Schema: stripe; Owner: neondb_owner
--

ALTER TABLE ONLY stripe.accounts
    ADD CONSTRAINT accounts_pkey PRIMARY KEY (id);


--
-- Name: active_entitlements active_entitlements_pkey; Type: CONSTRAINT; Schema: stripe; Owner: neondb_owner
--

ALTER TABLE ONLY stripe.active_entitlements
    ADD CONSTRAINT active_entitlements_pkey PRIMARY KEY (id);


--
-- Name: charges charges_pkey; Type: CONSTRAINT; Schema: stripe; Owner: neondb_owner
--

ALTER TABLE ONLY stripe.charges
    ADD CONSTRAINT charges_pkey PRIMARY KEY (id);


--
-- Name: checkout_session_line_items checkout_session_line_items_pkey; Type: CONSTRAINT; Schema: stripe; Owner: neondb_owner
--

ALTER TABLE ONLY stripe.checkout_session_line_items
    ADD CONSTRAINT checkout_session_line_items_pkey PRIMARY KEY (id);


--
-- Name: checkout_sessions checkout_sessions_pkey; Type: CONSTRAINT; Schema: stripe; Owner: neondb_owner
--

ALTER TABLE ONLY stripe.checkout_sessions
    ADD CONSTRAINT checkout_sessions_pkey PRIMARY KEY (id);


--
-- Name: coupons coupons_pkey; Type: CONSTRAINT; Schema: stripe; Owner: neondb_owner
--

ALTER TABLE ONLY stripe.coupons
    ADD CONSTRAINT coupons_pkey PRIMARY KEY (id);


--
-- Name: credit_notes credit_notes_pkey; Type: CONSTRAINT; Schema: stripe; Owner: neondb_owner
--

ALTER TABLE ONLY stripe.credit_notes
    ADD CONSTRAINT credit_notes_pkey PRIMARY KEY (id);


--
-- Name: customers customers_pkey; Type: CONSTRAINT; Schema: stripe; Owner: neondb_owner
--

ALTER TABLE ONLY stripe.customers
    ADD CONSTRAINT customers_pkey PRIMARY KEY (id);


--
-- Name: disputes disputes_pkey; Type: CONSTRAINT; Schema: stripe; Owner: neondb_owner
--

ALTER TABLE ONLY stripe.disputes
    ADD CONSTRAINT disputes_pkey PRIMARY KEY (id);


--
-- Name: early_fraud_warnings early_fraud_warnings_pkey; Type: CONSTRAINT; Schema: stripe; Owner: neondb_owner
--

ALTER TABLE ONLY stripe.early_fraud_warnings
    ADD CONSTRAINT early_fraud_warnings_pkey PRIMARY KEY (id);


--
-- Name: events events_pkey; Type: CONSTRAINT; Schema: stripe; Owner: neondb_owner
--

ALTER TABLE ONLY stripe.events
    ADD CONSTRAINT events_pkey PRIMARY KEY (id);


--
-- Name: features features_pkey; Type: CONSTRAINT; Schema: stripe; Owner: neondb_owner
--

ALTER TABLE ONLY stripe.features
    ADD CONSTRAINT features_pkey PRIMARY KEY (id);


--
-- Name: invoices invoices_pkey; Type: CONSTRAINT; Schema: stripe; Owner: neondb_owner
--

ALTER TABLE ONLY stripe.invoices
    ADD CONSTRAINT invoices_pkey PRIMARY KEY (id);


--
-- Name: _managed_webhooks managed_webhooks_pkey; Type: CONSTRAINT; Schema: stripe; Owner: neondb_owner
--

ALTER TABLE ONLY stripe._managed_webhooks
    ADD CONSTRAINT managed_webhooks_pkey PRIMARY KEY (id);


--
-- Name: _managed_webhooks managed_webhooks_url_account_unique; Type: CONSTRAINT; Schema: stripe; Owner: neondb_owner
--

ALTER TABLE ONLY stripe._managed_webhooks
    ADD CONSTRAINT managed_webhooks_url_account_unique UNIQUE (url, account_id);


--
-- Name: payment_intents payment_intents_pkey; Type: CONSTRAINT; Schema: stripe; Owner: neondb_owner
--

ALTER TABLE ONLY stripe.payment_intents
    ADD CONSTRAINT payment_intents_pkey PRIMARY KEY (id);


--
-- Name: payment_methods payment_methods_pkey; Type: CONSTRAINT; Schema: stripe; Owner: neondb_owner
--

ALTER TABLE ONLY stripe.payment_methods
    ADD CONSTRAINT payment_methods_pkey PRIMARY KEY (id);


--
-- Name: payouts payouts_pkey; Type: CONSTRAINT; Schema: stripe; Owner: neondb_owner
--

ALTER TABLE ONLY stripe.payouts
    ADD CONSTRAINT payouts_pkey PRIMARY KEY (id);


--
-- Name: plans plans_pkey; Type: CONSTRAINT; Schema: stripe; Owner: neondb_owner
--

ALTER TABLE ONLY stripe.plans
    ADD CONSTRAINT plans_pkey PRIMARY KEY (id);


--
-- Name: prices prices_pkey; Type: CONSTRAINT; Schema: stripe; Owner: neondb_owner
--

ALTER TABLE ONLY stripe.prices
    ADD CONSTRAINT prices_pkey PRIMARY KEY (id);


--
-- Name: products products_pkey; Type: CONSTRAINT; Schema: stripe; Owner: neondb_owner
--

ALTER TABLE ONLY stripe.products
    ADD CONSTRAINT products_pkey PRIMARY KEY (id);


--
-- Name: refunds refunds_pkey; Type: CONSTRAINT; Schema: stripe; Owner: neondb_owner
--

ALTER TABLE ONLY stripe.refunds
    ADD CONSTRAINT refunds_pkey PRIMARY KEY (id);


--
-- Name: reviews reviews_pkey; Type: CONSTRAINT; Schema: stripe; Owner: neondb_owner
--

ALTER TABLE ONLY stripe.reviews
    ADD CONSTRAINT reviews_pkey PRIMARY KEY (id);


--
-- Name: setup_intents setup_intents_pkey; Type: CONSTRAINT; Schema: stripe; Owner: neondb_owner
--

ALTER TABLE ONLY stripe.setup_intents
    ADD CONSTRAINT setup_intents_pkey PRIMARY KEY (id);


--
-- Name: subscription_items subscription_items_pkey; Type: CONSTRAINT; Schema: stripe; Owner: neondb_owner
--

ALTER TABLE ONLY stripe.subscription_items
    ADD CONSTRAINT subscription_items_pkey PRIMARY KEY (id);


--
-- Name: subscription_schedules subscription_schedules_pkey; Type: CONSTRAINT; Schema: stripe; Owner: neondb_owner
--

ALTER TABLE ONLY stripe.subscription_schedules
    ADD CONSTRAINT subscription_schedules_pkey PRIMARY KEY (id);


--
-- Name: subscriptions subscriptions_pkey; Type: CONSTRAINT; Schema: stripe; Owner: neondb_owner
--

ALTER TABLE ONLY stripe.subscriptions
    ADD CONSTRAINT subscriptions_pkey PRIMARY KEY (id);


--
-- Name: tax_ids tax_ids_pkey; Type: CONSTRAINT; Schema: stripe; Owner: neondb_owner
--

ALTER TABLE ONLY stripe.tax_ids
    ADD CONSTRAINT tax_ids_pkey PRIMARY KEY (id);


--
-- Name: idx_replit_database_migrations_v1_build_id; Type: INDEX; Schema: _system; Owner: neondb_owner
--

CREATE UNIQUE INDEX idx_replit_database_migrations_v1_build_id ON _system.replit_database_migrations_v1 USING btree (build_id);


--
-- Name: IDX_session_expire; Type: INDEX; Schema: public; Owner: neondb_owner
--

CREATE INDEX "IDX_session_expire" ON public.sessions USING btree (expire);


--
-- Name: active_entitlements_lookup_key_key; Type: INDEX; Schema: stripe; Owner: neondb_owner
--

CREATE UNIQUE INDEX active_entitlements_lookup_key_key ON stripe.active_entitlements USING btree (lookup_key) WHERE (lookup_key IS NOT NULL);


--
-- Name: features_lookup_key_key; Type: INDEX; Schema: stripe; Owner: neondb_owner
--

CREATE UNIQUE INDEX features_lookup_key_key ON stripe.features USING btree (lookup_key) WHERE (lookup_key IS NOT NULL);


--
-- Name: idx_accounts_api_key_hashes; Type: INDEX; Schema: stripe; Owner: neondb_owner
--

CREATE INDEX idx_accounts_api_key_hashes ON stripe.accounts USING gin (api_key_hashes);


--
-- Name: idx_accounts_business_name; Type: INDEX; Schema: stripe; Owner: neondb_owner
--

CREATE INDEX idx_accounts_business_name ON stripe.accounts USING btree (business_name);


--
-- Name: idx_sync_status_resource_account; Type: INDEX; Schema: stripe; Owner: neondb_owner
--

CREATE INDEX idx_sync_status_resource_account ON stripe._sync_status USING btree (resource, account_id);


--
-- Name: stripe_active_entitlements_customer_idx; Type: INDEX; Schema: stripe; Owner: neondb_owner
--

CREATE INDEX stripe_active_entitlements_customer_idx ON stripe.active_entitlements USING btree (customer);


--
-- Name: stripe_active_entitlements_feature_idx; Type: INDEX; Schema: stripe; Owner: neondb_owner
--

CREATE INDEX stripe_active_entitlements_feature_idx ON stripe.active_entitlements USING btree (feature);


--
-- Name: stripe_checkout_session_line_items_price_idx; Type: INDEX; Schema: stripe; Owner: neondb_owner
--

CREATE INDEX stripe_checkout_session_line_items_price_idx ON stripe.checkout_session_line_items USING btree (price);


--
-- Name: stripe_checkout_session_line_items_session_idx; Type: INDEX; Schema: stripe; Owner: neondb_owner
--

CREATE INDEX stripe_checkout_session_line_items_session_idx ON stripe.checkout_session_line_items USING btree (checkout_session);


--
-- Name: stripe_checkout_sessions_customer_idx; Type: INDEX; Schema: stripe; Owner: neondb_owner
--

CREATE INDEX stripe_checkout_sessions_customer_idx ON stripe.checkout_sessions USING btree (customer);


--
-- Name: stripe_checkout_sessions_invoice_idx; Type: INDEX; Schema: stripe; Owner: neondb_owner
--

CREATE INDEX stripe_checkout_sessions_invoice_idx ON stripe.checkout_sessions USING btree (invoice);


--
-- Name: stripe_checkout_sessions_payment_intent_idx; Type: INDEX; Schema: stripe; Owner: neondb_owner
--

CREATE INDEX stripe_checkout_sessions_payment_intent_idx ON stripe.checkout_sessions USING btree (payment_intent);


--
-- Name: stripe_checkout_sessions_subscription_idx; Type: INDEX; Schema: stripe; Owner: neondb_owner
--

CREATE INDEX stripe_checkout_sessions_subscription_idx ON stripe.checkout_sessions USING btree (subscription);


--
-- Name: stripe_credit_notes_customer_idx; Type: INDEX; Schema: stripe; Owner: neondb_owner
--

CREATE INDEX stripe_credit_notes_customer_idx ON stripe.credit_notes USING btree (customer);


--
-- Name: stripe_credit_notes_invoice_idx; Type: INDEX; Schema: stripe; Owner: neondb_owner
--

CREATE INDEX stripe_credit_notes_invoice_idx ON stripe.credit_notes USING btree (invoice);


--
-- Name: stripe_dispute_created_idx; Type: INDEX; Schema: stripe; Owner: neondb_owner
--

CREATE INDEX stripe_dispute_created_idx ON stripe.disputes USING btree (created);


--
-- Name: stripe_early_fraud_warnings_charge_idx; Type: INDEX; Schema: stripe; Owner: neondb_owner
--

CREATE INDEX stripe_early_fraud_warnings_charge_idx ON stripe.early_fraud_warnings USING btree (charge);


--
-- Name: stripe_early_fraud_warnings_payment_intent_idx; Type: INDEX; Schema: stripe; Owner: neondb_owner
--

CREATE INDEX stripe_early_fraud_warnings_payment_intent_idx ON stripe.early_fraud_warnings USING btree (payment_intent);


--
-- Name: stripe_invoices_customer_idx; Type: INDEX; Schema: stripe; Owner: neondb_owner
--

CREATE INDEX stripe_invoices_customer_idx ON stripe.invoices USING btree (customer);


--
-- Name: stripe_invoices_subscription_idx; Type: INDEX; Schema: stripe; Owner: neondb_owner
--

CREATE INDEX stripe_invoices_subscription_idx ON stripe.invoices USING btree (subscription);


--
-- Name: stripe_managed_webhooks_enabled_idx; Type: INDEX; Schema: stripe; Owner: neondb_owner
--

CREATE INDEX stripe_managed_webhooks_enabled_idx ON stripe._managed_webhooks USING btree (enabled);


--
-- Name: stripe_managed_webhooks_status_idx; Type: INDEX; Schema: stripe; Owner: neondb_owner
--

CREATE INDEX stripe_managed_webhooks_status_idx ON stripe._managed_webhooks USING btree (status);


--
-- Name: stripe_payment_intents_customer_idx; Type: INDEX; Schema: stripe; Owner: neondb_owner
--

CREATE INDEX stripe_payment_intents_customer_idx ON stripe.payment_intents USING btree (customer);


--
-- Name: stripe_payment_intents_invoice_idx; Type: INDEX; Schema: stripe; Owner: neondb_owner
--

CREATE INDEX stripe_payment_intents_invoice_idx ON stripe.payment_intents USING btree (invoice);


--
-- Name: stripe_payment_methods_customer_idx; Type: INDEX; Schema: stripe; Owner: neondb_owner
--

CREATE INDEX stripe_payment_methods_customer_idx ON stripe.payment_methods USING btree (customer);


--
-- Name: stripe_refunds_charge_idx; Type: INDEX; Schema: stripe; Owner: neondb_owner
--

CREATE INDEX stripe_refunds_charge_idx ON stripe.refunds USING btree (charge);


--
-- Name: stripe_refunds_payment_intent_idx; Type: INDEX; Schema: stripe; Owner: neondb_owner
--

CREATE INDEX stripe_refunds_payment_intent_idx ON stripe.refunds USING btree (payment_intent);


--
-- Name: stripe_reviews_charge_idx; Type: INDEX; Schema: stripe; Owner: neondb_owner
--

CREATE INDEX stripe_reviews_charge_idx ON stripe.reviews USING btree (charge);


--
-- Name: stripe_reviews_payment_intent_idx; Type: INDEX; Schema: stripe; Owner: neondb_owner
--

CREATE INDEX stripe_reviews_payment_intent_idx ON stripe.reviews USING btree (payment_intent);


--
-- Name: stripe_setup_intents_customer_idx; Type: INDEX; Schema: stripe; Owner: neondb_owner
--

CREATE INDEX stripe_setup_intents_customer_idx ON stripe.setup_intents USING btree (customer);


--
-- Name: stripe_tax_ids_customer_idx; Type: INDEX; Schema: stripe; Owner: neondb_owner
--

CREATE INDEX stripe_tax_ids_customer_idx ON stripe.tax_ids USING btree (customer);


--
-- Name: _managed_webhooks handle_updated_at; Type: TRIGGER; Schema: stripe; Owner: neondb_owner
--

CREATE TRIGGER handle_updated_at BEFORE UPDATE ON stripe._managed_webhooks FOR EACH ROW EXECUTE FUNCTION public.set_updated_at_metadata();


--
-- Name: _sync_status handle_updated_at; Type: TRIGGER; Schema: stripe; Owner: neondb_owner
--

CREATE TRIGGER handle_updated_at BEFORE UPDATE ON stripe._sync_status FOR EACH ROW EXECUTE FUNCTION public.set_updated_at_metadata();


--
-- Name: accounts handle_updated_at; Type: TRIGGER; Schema: stripe; Owner: neondb_owner
--

CREATE TRIGGER handle_updated_at BEFORE UPDATE ON stripe.accounts FOR EACH ROW EXECUTE FUNCTION public.set_updated_at();


--
-- Name: active_entitlements handle_updated_at; Type: TRIGGER; Schema: stripe; Owner: neondb_owner
--

CREATE TRIGGER handle_updated_at BEFORE UPDATE ON stripe.active_entitlements FOR EACH ROW EXECUTE FUNCTION public.set_updated_at();


--
-- Name: charges handle_updated_at; Type: TRIGGER; Schema: stripe; Owner: neondb_owner
--

CREATE TRIGGER handle_updated_at BEFORE UPDATE ON stripe.charges FOR EACH ROW EXECUTE FUNCTION public.set_updated_at();


--
-- Name: checkout_session_line_items handle_updated_at; Type: TRIGGER; Schema: stripe; Owner: neondb_owner
--

CREATE TRIGGER handle_updated_at BEFORE UPDATE ON stripe.checkout_session_line_items FOR EACH ROW EXECUTE FUNCTION public.set_updated_at();


--
-- Name: checkout_sessions handle_updated_at; Type: TRIGGER; Schema: stripe; Owner: neondb_owner
--

CREATE TRIGGER handle_updated_at BEFORE UPDATE ON stripe.checkout_sessions FOR EACH ROW EXECUTE FUNCTION public.set_updated_at();


--
-- Name: coupons handle_updated_at; Type: TRIGGER; Schema: stripe; Owner: neondb_owner
--

CREATE TRIGGER handle_updated_at BEFORE UPDATE ON stripe.coupons FOR EACH ROW EXECUTE FUNCTION public.set_updated_at();


--
-- Name: customers handle_updated_at; Type: TRIGGER; Schema: stripe; Owner: neondb_owner
--

CREATE TRIGGER handle_updated_at BEFORE UPDATE ON stripe.customers FOR EACH ROW EXECUTE FUNCTION public.set_updated_at();


--
-- Name: disputes handle_updated_at; Type: TRIGGER; Schema: stripe; Owner: neondb_owner
--

CREATE TRIGGER handle_updated_at BEFORE UPDATE ON stripe.disputes FOR EACH ROW EXECUTE FUNCTION public.set_updated_at();


--
-- Name: early_fraud_warnings handle_updated_at; Type: TRIGGER; Schema: stripe; Owner: neondb_owner
--

CREATE TRIGGER handle_updated_at BEFORE UPDATE ON stripe.early_fraud_warnings FOR EACH ROW EXECUTE FUNCTION public.set_updated_at();


--
-- Name: events handle_updated_at; Type: TRIGGER; Schema: stripe; Owner: neondb_owner
--

CREATE TRIGGER handle_updated_at BEFORE UPDATE ON stripe.events FOR EACH ROW EXECUTE FUNCTION public.set_updated_at();


--
-- Name: features handle_updated_at; Type: TRIGGER; Schema: stripe; Owner: neondb_owner
--

CREATE TRIGGER handle_updated_at BEFORE UPDATE ON stripe.features FOR EACH ROW EXECUTE FUNCTION public.set_updated_at();


--
-- Name: invoices handle_updated_at; Type: TRIGGER; Schema: stripe; Owner: neondb_owner
--

CREATE TRIGGER handle_updated_at BEFORE UPDATE ON stripe.invoices FOR EACH ROW EXECUTE FUNCTION public.set_updated_at();


--
-- Name: payouts handle_updated_at; Type: TRIGGER; Schema: stripe; Owner: neondb_owner
--

CREATE TRIGGER handle_updated_at BEFORE UPDATE ON stripe.payouts FOR EACH ROW EXECUTE FUNCTION public.set_updated_at();


--
-- Name: plans handle_updated_at; Type: TRIGGER; Schema: stripe; Owner: neondb_owner
--

CREATE TRIGGER handle_updated_at BEFORE UPDATE ON stripe.plans FOR EACH ROW EXECUTE FUNCTION public.set_updated_at();


--
-- Name: prices handle_updated_at; Type: TRIGGER; Schema: stripe; Owner: neondb_owner
--

CREATE TRIGGER handle_updated_at BEFORE UPDATE ON stripe.prices FOR EACH ROW EXECUTE FUNCTION public.set_updated_at();


--
-- Name: products handle_updated_at; Type: TRIGGER; Schema: stripe; Owner: neondb_owner
--

CREATE TRIGGER handle_updated_at BEFORE UPDATE ON stripe.products FOR EACH ROW EXECUTE FUNCTION public.set_updated_at();


--
-- Name: refunds handle_updated_at; Type: TRIGGER; Schema: stripe; Owner: neondb_owner
--

CREATE TRIGGER handle_updated_at BEFORE UPDATE ON stripe.refunds FOR EACH ROW EXECUTE FUNCTION public.set_updated_at();


--
-- Name: reviews handle_updated_at; Type: TRIGGER; Schema: stripe; Owner: neondb_owner
--

CREATE TRIGGER handle_updated_at BEFORE UPDATE ON stripe.reviews FOR EACH ROW EXECUTE FUNCTION public.set_updated_at();


--
-- Name: subscriptions handle_updated_at; Type: TRIGGER; Schema: stripe; Owner: neondb_owner
--

CREATE TRIGGER handle_updated_at BEFORE UPDATE ON stripe.subscriptions FOR EACH ROW EXECUTE FUNCTION public.set_updated_at();


--
-- Name: in_app_notifications in_app_notifications_user_id_users_id_fk; Type: FK CONSTRAINT; Schema: public; Owner: neondb_owner
--

ALTER TABLE ONLY public.in_app_notifications
    ADD CONSTRAINT in_app_notifications_user_id_users_id_fk FOREIGN KEY (user_id) REFERENCES public.users(id);


--
-- Name: notification_preferences notification_preferences_user_id_users_id_fk; Type: FK CONSTRAINT; Schema: public; Owner: neondb_owner
--

ALTER TABLE ONLY public.notification_preferences
    ADD CONSTRAINT notification_preferences_user_id_users_id_fk FOREIGN KEY (user_id) REFERENCES public.users(id);


--
-- Name: order_items order_items_order_id_orders_id_fk; Type: FK CONSTRAINT; Schema: public; Owner: neondb_owner
--

ALTER TABLE ONLY public.order_items
    ADD CONSTRAINT order_items_order_id_orders_id_fk FOREIGN KEY (order_id) REFERENCES public.orders(id);


--
-- Name: order_items order_items_product_id_products_id_fk; Type: FK CONSTRAINT; Schema: public; Owner: neondb_owner
--

ALTER TABLE ONLY public.order_items
    ADD CONSTRAINT order_items_product_id_products_id_fk FOREIGN KEY (product_id) REFERENCES public.products(id);


--
-- Name: orders orders_customer_id_users_id_fk; Type: FK CONSTRAINT; Schema: public; Owner: neondb_owner
--

ALTER TABLE ONLY public.orders
    ADD CONSTRAINT orders_customer_id_users_id_fk FOREIGN KEY (customer_id) REFERENCES public.users(id);


--
-- Name: orders orders_vendor_id_vendors_id_fk; Type: FK CONSTRAINT; Schema: public; Owner: neondb_owner
--

ALTER TABLE ONLY public.orders
    ADD CONSTRAINT orders_vendor_id_vendors_id_fk FOREIGN KEY (vendor_id) REFERENCES public.vendors(id);


--
-- Name: product_categories product_categories_vendor_id_vendors_id_fk; Type: FK CONSTRAINT; Schema: public; Owner: neondb_owner
--

ALTER TABLE ONLY public.product_categories
    ADD CONSTRAINT product_categories_vendor_id_vendors_id_fk FOREIGN KEY (vendor_id) REFERENCES public.vendors(id);


--
-- Name: products products_vendor_id_vendors_id_fk; Type: FK CONSTRAINT; Schema: public; Owner: neondb_owner
--

ALTER TABLE ONLY public.products
    ADD CONSTRAINT products_vendor_id_vendors_id_fk FOREIGN KEY (vendor_id) REFERENCES public.vendors(id);


--
-- Name: profiles profiles_user_id_users_id_fk; Type: FK CONSTRAINT; Schema: public; Owner: neondb_owner
--

ALTER TABLE ONLY public.profiles
    ADD CONSTRAINT profiles_user_id_users_id_fk FOREIGN KEY (user_id) REFERENCES public.users(id);


--
-- Name: promotions promotions_vendor_id_vendors_id_fk; Type: FK CONSTRAINT; Schema: public; Owner: neondb_owner
--

ALTER TABLE ONLY public.promotions
    ADD CONSTRAINT promotions_vendor_id_vendors_id_fk FOREIGN KEY (vendor_id) REFERENCES public.vendors(id);


--
-- Name: push_subscriptions push_subscriptions_user_id_users_id_fk; Type: FK CONSTRAINT; Schema: public; Owner: neondb_owner
--

ALTER TABLE ONLY public.push_subscriptions
    ADD CONSTRAINT push_subscriptions_user_id_users_id_fk FOREIGN KEY (user_id) REFERENCES public.users(id);


--
-- Name: redemptions redemptions_reward_id_rewards_id_fk; Type: FK CONSTRAINT; Schema: public; Owner: neondb_owner
--

ALTER TABLE ONLY public.redemptions
    ADD CONSTRAINT redemptions_reward_id_rewards_id_fk FOREIGN KEY (reward_id) REFERENCES public.rewards(id);


--
-- Name: redemptions redemptions_user_id_users_id_fk; Type: FK CONSTRAINT; Schema: public; Owner: neondb_owner
--

ALTER TABLE ONLY public.redemptions
    ADD CONSTRAINT redemptions_user_id_users_id_fk FOREIGN KEY (user_id) REFERENCES public.users(id);


--
-- Name: saved_addresses saved_addresses_user_id_users_id_fk; Type: FK CONSTRAINT; Schema: public; Owner: neondb_owner
--

ALTER TABLE ONLY public.saved_addresses
    ADD CONSTRAINT saved_addresses_user_id_users_id_fk FOREIGN KEY (user_id) REFERENCES public.users(id);


--
-- Name: service_requests service_requests_customer_id_users_id_fk; Type: FK CONSTRAINT; Schema: public; Owner: neondb_owner
--

ALTER TABLE ONLY public.service_requests
    ADD CONSTRAINT service_requests_customer_id_users_id_fk FOREIGN KEY (customer_id) REFERENCES public.users(id);


--
-- Name: service_requests service_requests_vendor_id_vendors_id_fk; Type: FK CONSTRAINT; Schema: public; Owner: neondb_owner
--

ALTER TABLE ONLY public.service_requests
    ADD CONSTRAINT service_requests_vendor_id_vendors_id_fk FOREIGN KEY (vendor_id) REFERENCES public.vendors(id);


--
-- Name: vendor_applications vendor_applications_reviewed_by_users_id_fk; Type: FK CONSTRAINT; Schema: public; Owner: neondb_owner
--

ALTER TABLE ONLY public.vendor_applications
    ADD CONSTRAINT vendor_applications_reviewed_by_users_id_fk FOREIGN KEY (reviewed_by) REFERENCES public.users(id);


--
-- Name: vendor_applications vendor_applications_user_id_users_id_fk; Type: FK CONSTRAINT; Schema: public; Owner: neondb_owner
--

ALTER TABLE ONLY public.vendor_applications
    ADD CONSTRAINT vendor_applications_user_id_users_id_fk FOREIGN KEY (user_id) REFERENCES public.users(id);


--
-- Name: vendor_hours vendor_hours_vendor_id_vendors_id_fk; Type: FK CONSTRAINT; Schema: public; Owner: neondb_owner
--

ALTER TABLE ONLY public.vendor_hours
    ADD CONSTRAINT vendor_hours_vendor_id_vendors_id_fk FOREIGN KEY (vendor_id) REFERENCES public.vendors(id);


--
-- Name: vendors vendors_category_id_vendor_categories_id_fk; Type: FK CONSTRAINT; Schema: public; Owner: neondb_owner
--

ALTER TABLE ONLY public.vendors
    ADD CONSTRAINT vendors_category_id_vendor_categories_id_fk FOREIGN KEY (category_id) REFERENCES public.vendor_categories(id);


--
-- Name: vendors vendors_owner_id_users_id_fk; Type: FK CONSTRAINT; Schema: public; Owner: neondb_owner
--

ALTER TABLE ONLY public.vendors
    ADD CONSTRAINT vendors_owner_id_users_id_fk FOREIGN KEY (owner_id) REFERENCES public.users(id);


--
-- Name: active_entitlements fk_active_entitlements_account; Type: FK CONSTRAINT; Schema: stripe; Owner: neondb_owner
--

ALTER TABLE ONLY stripe.active_entitlements
    ADD CONSTRAINT fk_active_entitlements_account FOREIGN KEY (_account_id) REFERENCES stripe.accounts(id);


--
-- Name: charges fk_charges_account; Type: FK CONSTRAINT; Schema: stripe; Owner: neondb_owner
--

ALTER TABLE ONLY stripe.charges
    ADD CONSTRAINT fk_charges_account FOREIGN KEY (_account_id) REFERENCES stripe.accounts(id);


--
-- Name: checkout_session_line_items fk_checkout_session_line_items_account; Type: FK CONSTRAINT; Schema: stripe; Owner: neondb_owner
--

ALTER TABLE ONLY stripe.checkout_session_line_items
    ADD CONSTRAINT fk_checkout_session_line_items_account FOREIGN KEY (_account_id) REFERENCES stripe.accounts(id);


--
-- Name: checkout_sessions fk_checkout_sessions_account; Type: FK CONSTRAINT; Schema: stripe; Owner: neondb_owner
--

ALTER TABLE ONLY stripe.checkout_sessions
    ADD CONSTRAINT fk_checkout_sessions_account FOREIGN KEY (_account_id) REFERENCES stripe.accounts(id);


--
-- Name: credit_notes fk_credit_notes_account; Type: FK CONSTRAINT; Schema: stripe; Owner: neondb_owner
--

ALTER TABLE ONLY stripe.credit_notes
    ADD CONSTRAINT fk_credit_notes_account FOREIGN KEY (_account_id) REFERENCES stripe.accounts(id);


--
-- Name: customers fk_customers_account; Type: FK CONSTRAINT; Schema: stripe; Owner: neondb_owner
--

ALTER TABLE ONLY stripe.customers
    ADD CONSTRAINT fk_customers_account FOREIGN KEY (_account_id) REFERENCES stripe.accounts(id);


--
-- Name: disputes fk_disputes_account; Type: FK CONSTRAINT; Schema: stripe; Owner: neondb_owner
--

ALTER TABLE ONLY stripe.disputes
    ADD CONSTRAINT fk_disputes_account FOREIGN KEY (_account_id) REFERENCES stripe.accounts(id);


--
-- Name: early_fraud_warnings fk_early_fraud_warnings_account; Type: FK CONSTRAINT; Schema: stripe; Owner: neondb_owner
--

ALTER TABLE ONLY stripe.early_fraud_warnings
    ADD CONSTRAINT fk_early_fraud_warnings_account FOREIGN KEY (_account_id) REFERENCES stripe.accounts(id);


--
-- Name: features fk_features_account; Type: FK CONSTRAINT; Schema: stripe; Owner: neondb_owner
--

ALTER TABLE ONLY stripe.features
    ADD CONSTRAINT fk_features_account FOREIGN KEY (_account_id) REFERENCES stripe.accounts(id);


--
-- Name: invoices fk_invoices_account; Type: FK CONSTRAINT; Schema: stripe; Owner: neondb_owner
--

ALTER TABLE ONLY stripe.invoices
    ADD CONSTRAINT fk_invoices_account FOREIGN KEY (_account_id) REFERENCES stripe.accounts(id);


--
-- Name: _managed_webhooks fk_managed_webhooks_account; Type: FK CONSTRAINT; Schema: stripe; Owner: neondb_owner
--

ALTER TABLE ONLY stripe._managed_webhooks
    ADD CONSTRAINT fk_managed_webhooks_account FOREIGN KEY (account_id) REFERENCES stripe.accounts(id);


--
-- Name: payment_intents fk_payment_intents_account; Type: FK CONSTRAINT; Schema: stripe; Owner: neondb_owner
--

ALTER TABLE ONLY stripe.payment_intents
    ADD CONSTRAINT fk_payment_intents_account FOREIGN KEY (_account_id) REFERENCES stripe.accounts(id);


--
-- Name: payment_methods fk_payment_methods_account; Type: FK CONSTRAINT; Schema: stripe; Owner: neondb_owner
--

ALTER TABLE ONLY stripe.payment_methods
    ADD CONSTRAINT fk_payment_methods_account FOREIGN KEY (_account_id) REFERENCES stripe.accounts(id);


--
-- Name: plans fk_plans_account; Type: FK CONSTRAINT; Schema: stripe; Owner: neondb_owner
--

ALTER TABLE ONLY stripe.plans
    ADD CONSTRAINT fk_plans_account FOREIGN KEY (_account_id) REFERENCES stripe.accounts(id);


--
-- Name: prices fk_prices_account; Type: FK CONSTRAINT; Schema: stripe; Owner: neondb_owner
--

ALTER TABLE ONLY stripe.prices
    ADD CONSTRAINT fk_prices_account FOREIGN KEY (_account_id) REFERENCES stripe.accounts(id);


--
-- Name: products fk_products_account; Type: FK CONSTRAINT; Schema: stripe; Owner: neondb_owner
--

ALTER TABLE ONLY stripe.products
    ADD CONSTRAINT fk_products_account FOREIGN KEY (_account_id) REFERENCES stripe.accounts(id);


--
-- Name: refunds fk_refunds_account; Type: FK CONSTRAINT; Schema: stripe; Owner: neondb_owner
--

ALTER TABLE ONLY stripe.refunds
    ADD CONSTRAINT fk_refunds_account FOREIGN KEY (_account_id) REFERENCES stripe.accounts(id);


--
-- Name: reviews fk_reviews_account; Type: FK CONSTRAINT; Schema: stripe; Owner: neondb_owner
--

ALTER TABLE ONLY stripe.reviews
    ADD CONSTRAINT fk_reviews_account FOREIGN KEY (_account_id) REFERENCES stripe.accounts(id);


--
-- Name: setup_intents fk_setup_intents_account; Type: FK CONSTRAINT; Schema: stripe; Owner: neondb_owner
--

ALTER TABLE ONLY stripe.setup_intents
    ADD CONSTRAINT fk_setup_intents_account FOREIGN KEY (_account_id) REFERENCES stripe.accounts(id);


--
-- Name: subscription_items fk_subscription_items_account; Type: FK CONSTRAINT; Schema: stripe; Owner: neondb_owner
--

ALTER TABLE ONLY stripe.subscription_items
    ADD CONSTRAINT fk_subscription_items_account FOREIGN KEY (_account_id) REFERENCES stripe.accounts(id);


--
-- Name: subscription_schedules fk_subscription_schedules_account; Type: FK CONSTRAINT; Schema: stripe; Owner: neondb_owner
--

ALTER TABLE ONLY stripe.subscription_schedules
    ADD CONSTRAINT fk_subscription_schedules_account FOREIGN KEY (_account_id) REFERENCES stripe.accounts(id);


--
-- Name: subscriptions fk_subscriptions_account; Type: FK CONSTRAINT; Schema: stripe; Owner: neondb_owner
--

ALTER TABLE ONLY stripe.subscriptions
    ADD CONSTRAINT fk_subscriptions_account FOREIGN KEY (_account_id) REFERENCES stripe.accounts(id);


--
-- Name: _sync_status fk_sync_status_account; Type: FK CONSTRAINT; Schema: stripe; Owner: neondb_owner
--

ALTER TABLE ONLY stripe._sync_status
    ADD CONSTRAINT fk_sync_status_account FOREIGN KEY (account_id) REFERENCES stripe.accounts(id);


--
-- Name: tax_ids fk_tax_ids_account; Type: FK CONSTRAINT; Schema: stripe; Owner: neondb_owner
--

ALTER TABLE ONLY stripe.tax_ids
    ADD CONSTRAINT fk_tax_ids_account FOREIGN KEY (_account_id) REFERENCES stripe.accounts(id);


--
-- Name: DEFAULT PRIVILEGES FOR SEQUENCES; Type: DEFAULT ACL; Schema: public; Owner: cloud_admin
--

ALTER DEFAULT PRIVILEGES FOR ROLE cloud_admin IN SCHEMA public GRANT ALL ON SEQUENCES TO neon_superuser WITH GRANT OPTION;


--
-- Name: DEFAULT PRIVILEGES FOR TABLES; Type: DEFAULT ACL; Schema: public; Owner: cloud_admin
--

ALTER DEFAULT PRIVILEGES FOR ROLE cloud_admin IN SCHEMA public GRANT ALL ON TABLES TO neon_superuser WITH GRANT OPTION;


--
-- PostgreSQL database dump complete
--

\unrestrict dSQQ8ebsUxZ4DWxaKFgxfDA5uFKERoLgBM6MQEo6WKSWmeWcqeneXcdfLObKQyg

